
COST

    COST Actions

Funding
COST Academy
About

    Open call Fund your network

Search
e-COST
CA23153 - Digital Mental Health for Young People (YouthDMH)

    Downloads

    Home 

Browse Actions

    Digital Mental Health for Young People (YouthDMH)

Description
Management Committee
Main Contacts and Leadership
Working Groups and Membership
Action Details

MoU - 066/24
CSO Approval date - 17/05/2024
Start date - 24/10/2024

    End date - 23/10/2028

https://youthdmh.eu/
How can I participate?

    Read the Action Description MoU
    Inform the Main Proposer/Chair of your interest (email)
    Apply to join your Working Groups of interest
    Please note, Management Committee nominations are carried out through the COST National Coordinators

Main Contacts
Action Contacts
Dr Andreas Balaskas
Action Chair 00353833593086 andreas.balaskas@ucd.ie
Prof Maurice Mulvenna
Action Vice Chair +447980575183 md.mulvenna@ulster.ac.uk
COST Staff
Mr Marco Carulli
Science Officer +32 2 5333837 Marco.Carulli@cost.eu
Ms Aldona Gembalik
Administrative Officer +32 2 5333825 aldona.gembalik@cost.eu
Leadership
Role    Leader
Action Chair    
Dr Andreas Balaskas
University College DublinScience West- UCD- BelfieldIrelandDublin
00353833593086andreas.balaskas@ucd.ie
Participating actions

    CA23153 

Action Vice-Chair   
Prof Maurice Mulvenna
University Of UlsterYork StreetUnited KingdomBT151EDBelfast
+447980575183md.mulvenna@ulster.ac.uk
Participating actions

    CA23153 

Grant Holder Scientific Representative  
Dr David Coyle
University College DublinUCD Science Centre East, BelfieldIrelandDublin
+35317162470d.coyle@ucd.ie
Participating actions

    CA23153 

Science Communication Coordinator   
Dr Jessica Marian Goodman Casanova
IBIMA-Plataforma BIONANDC. Severo Ochoa, 35,Spain29590Málaga
660901966jmariangoodman@gmail.com
Participating actions

    CA23153 

Grant Awarding Coordinator  
Prof Paweł W. Woźniak
Technische Universitaet WienArgentinierstr. 8Austria1040Wien
+46317722004pawel.wozniak@tuwien.ac.at
Participating actions

    CA23153 

WG1 Leader  
Dr Amanda Fitzgerald
University College DublinBelfieldIrelandD04V1W8Dublin
+0035317168541amanda.fitzgerald@ucd.ie
Participating actions

    CA23153
    IS1210 

WG2 Leader  
Dr Ine Beyens
University of AmsterdamSpui 21Netherlands1012WXAmsterdam
+31627890270i.beyens@uva.nl
Participating actions

    CA23153 

WG3 Leader  
Prof Zoraida Callejas
University of GranadaCalle Periodista Daniel Saucedo Aranda S/NSpain18071Granada
+34958241000 ext. 20049zoraida@ugr.es
Participating actions

    CA23153 

WG4 Leader  
Dr Niels van Berkel
Aalborg UniversitetFredrik Bajers Vej 7kDenmark9220Aalborg
-nielsvanberkel@cs.aau.dk
Participating actions

    CA23153 

WG5 Leader  
Dr Cristina Santos
Associacao Fraunhofer Portugal ResearchRua Alfredo Allen 455/461Portugal4200 135Porto
+351220430350cristina.santos@fraunhofer.pt
Participating actions

    CA23153 

Additional roles
Role    Leader
WG1 Co-Leader   
Dr Charlotte Blease
Uppsala UniversityNobyvägen 18ASwedenUppsala
00447921587211charlotte.blease@uu.se
Participating actions

    CA23153 

WG2 Co-Leader   
Dr Claudette Pretorius
University College DublinSchool of Computer ScienceIrelandD4Dublin
+353830323698claudette.pretorius1@ucd.ie
Participating actions

    CA23153 

WG3 Co-Leader   
Dr Nele De Witte
Thomas More University of Applied SciencesMolenstraat 8Belgium2018Antwerpen
+32478563737nele.dw@thomasmore.be
Participating actions

    CA23153
    CA16102 

WG4 Co-Leader   
Dr Saskia Kelders
University of TwentePO Box 217NetherlandsEnschede
+31534896055s.m.kelders@utwente.nl
Participating actions

    CA23153 

WG5 Co-Leader   
Dr Darragh McCashin
Dublin City UniversityCollins AvenueIrelandGlasnevin Dublin 9
0035317007383darragh.mccashin@dcu.ie
Participating actions

    CA23153
    CA20137
    CA19117
    CA16207 

Action documents

    Memorandum of Understanding

COST Association
Avenue du Boulevard – Bolwerklaan 21
1210 Brussels | Belgium

BE0829.090.573
RPM/RPR Bruxelles/Brussel

+32 2 533 38 00

    News
    Events
    Videos

    Publications
    Vacancies
    Contact Us

    © 2025 COST Association
    Legal

Stay connected


COST

    COST Actions

Funding
COST Academy
About

    Open call Fund your network

Search
e-COST
CA23153 - Digital Mental Health for Young People (YouthDMH)

    Downloads

    Home 

Browse Actions

    Digital Mental Health for Young People (YouthDMH)

Description
Management Committee
Main Contacts and Leadership
Working Groups and Membership
Action Details

MoU - 066/24
CSO Approval date - 17/05/2024
Start date - 24/10/2024

    End date - 23/10/2028

https://youthdmh.eu/
How can I participate?

    Read the Action Description MoU
    Inform the Main Proposer/Chair of your interest (email)
    Apply to join your Working Groups of interest
    Please note, Management Committee nominations are carried out through the COST National Coordinators

Working Groups
Number  Title   Leader
1   Inclusion, youth engagement and inter-disciplinary innovation   
Dr Amanda Fitzgerald
University College DublinBelfieldIrelandD04V1W8Dublin
+0035317168541amanda.fitzgerald@ucd.ie
Participating actions

    CA23153
    IS1210 

2   Help-seeking, Information and Misinformation    
Dr Ine Beyens
University of AmsterdamSpui 21Netherlands1012WXAmsterdam
+31627890270i.beyens@uva.nl
Participating actions

    CA23153 

3   Contextual and Early Assessment and Intervention    
Prof Zoraida Callejas
University of GranadaCalle Periodista Daniel Saucedo Aranda S/NSpain18071Granada
+34958241000 ext. 20049zoraida@ugr.es
Participating actions

    CA23153 

4   Theory, Design and Implementation   
Dr Niels van Berkel
Aalborg UniversitetFredrik Bajers Vej 7kDenmark9220Aalborg
-nielsvanberkel@cs.aau.dk
Participating actions

    CA23153 

5   Policy, Impact and Dissemination    
Dr Cristina Santos
Associacao Fraunhofer Portugal ResearchRua Alfredo Allen 455/461Portugal4200 135Porto
+351220430350cristina.santos@fraunhofer.pt
Participating actions

    CA23153 

Express your interest to join any of the working groups by applying below.

It is required to have an e-COST profile to submit your application. If needed, create it first and then click 'Apply'.
Apply
Membership
Name    Working Group
Country
Prof Suja Somanadhan
University College DublinBelfieldIrelandD04V1W8Dublin
+35317166597suja.somanadhan@ucd.ie
Participating actions

    CA23153 

    WG 1, WG 5  Ireland
Dr Shaun Liverpool
Edge Hill UniversitySt Helens RoadUnited KingdomL39 4QPOrmskirk
07539468630liverpos@edgehill.ac.uk
Participating actions

    CA23153 

    WG 1, WG 5  United Kingdom
Prof Nurten Terkes
Burdur Mehmet Akif Ersoy ÜniversitesiDegirmenlerTürkiye15030Burdur
+905432583587nterkes@mehmetakif.edu.tr
Participating actions

    CA23146
    CA23153
    CA22152
    CA20104 

    WG 1, WG 5  Türkiye
Dr Kristine Uzule
EKONOMIKAS UN KULTŪRAS AUGSTSKOLAPērnavas iela 62LatviaLV-1009Rīga
+37127438280kristine.uzule@eka.edu.lv
Participating actions

    CA23153 

    WG 1, WG 5  Latvia
Prof Burçak Müge VURAL
Dokuz Eylul UniversitesiCumhuriyet Bulvari 144Türkiye35210Alsancak Izmir
+902323018139muge.tunaer@deu.edu.tr
Participating actions

    CA23153
    CA20112
    CA18215
    CA17125 

    WG 1    Türkiye
Dr Mar Grandio
University of MurciaAvda. Teniente Flomesta, 5 ·Spain30003Murcia
+349682785mgrandio@um.es
Participating actions

    CA23126
    CA23153
    IS0906
    FP1104
    CA18230 

    WG 1    Spain
Ms Şerife Durna
Kahramanmaras Sutcu Imam UniversityKahramanmaraş Sütçü İmam Üniversitesi Avşar KampüsüTürkiye46050Kahramanmaraş
+905433978414serifedurna46@gmail.com
Participating actions

    CA23153
    CA21114
    CA20137
    CA19102 

    WG 1    Türkiye
Dr Gurel Cetin
Istanbul UniversitySüleymaniye Mahallesi Bozdoğan Kemer Caddesi Prof.Dr. Cahit Orhan Tütengil Sokak No:1 Fatih / İstanbulTürkiye34116İstanbul
+902124400000gurelc@istanbul.edu.tr
Participating actions

    CA23112
    CA23153
    CA23158
    CA21166
    CA22134
    CA20107
    CA19107 

    WG 1    Türkiye
Dr Juliana Monteiro
Faculty of Engineering of University of PortoPRAÇA GOMES TEIXEIRA PORTO 4099-002 PORTOPortugal4099-002Porto
+351961587031jcc.monteiro@gmail.com
Participating actions

    CA23153 

    WG 1    Portugal
Dr Önder İşlek
Aksaray University - Faculty of Education /Egitim FakultesiTürkiye68100AKSARAY
382 288 3393islekonder@hotmail.com
Participating actions

    CA23112
    CA23117
    CA23153
    CA23158
    CA23101
    CA22156
    CA22167
    CA21143
    CA22139
    CA22114
    CA22115
    CA21107
    CA19142
    CA19104 

    WG 1    Türkiye
Dr Tamar Makharadze
Ivane Javakhishvili Tbilisi State UniversityIlia Chavchavadze Ave 1Georgia128Tbilisi
+995 599 714305tamar.makharadze@tsu.ge
Participating actions

    CA23153
    CA21143 

    WG 1    Georgia
Dr Gülşah KEKLİK
Istanbul Technical UniversityITU Ayazaga Campus - MaslakTürkiye34396Istanbul
+905389728373gulsahkeklk@gmail.com
Participating actions

    CA23106
    CA23135
    CA23148
    CA23152
    CA23153
    CA23154
    CA22162
    CA22153
    CA22111
    CA21169
    CA22142
    CA21159
    CA22134
    CA22136
    CA21146
    CA21142
    CA21138
    CA21135
    CA22103
    CA22116
    CA22112
    CA21117
    CA22108
    CA21116
    CA21113
    CA21111
    CA21109
    CA21108
    CA21103
    CA20138
    CA20133
    CA20132
    CA20130
    CA20120
    CA20118
    CA20113
    CA20103
    CA20128
    CA19136
    CA19127
    CA19110 

    WG 1    Türkiye
Ms Thea Schoenning
University of OsloSognsvannsveien 21, bygg 20Norway0372Oslo
004748045866thea.schonning@studmed.uio.no
Participating actions

    CA23153 

    WG 1    Norway
Dr Suzan Tek Ayaz
Yozgat Bozok UniversityYozgat Bozok University Akdagmadeni Health SchoolTürkiye66300Yozgat
+905057011888suzan.tek@yobu.edu.tr
Participating actions

    CA23153 

    WG 1    Türkiye
Ms Lyen Krenz Yap
Ulster universityYork StreetUnited KingdomBT15 1TFBelfast
07493942169Yap-LK@ulster.ac.uk
Participating actions

    CA23153 

    WG 1    United Kingdom
Mr Chengqian Wang
University College DublinBeech Hill RoadIrelandD04 P7W1Dublin
+353 879838279chengqian.wang@ucdconnect.ie
Participating actions

    CA23153 

    WG 1    Ireland
Prof Maurice Mulvenna
University Of UlsterYork StreetUnited KingdomBT151EDBelfast
+447980575183md.mulvenna@ulster.ac.uk
Participating actions

    CA23153 

    WG 1, WG 2, WG 4, WG 5  United Kingdom
Prof Katerina Mikulcova
University of OstravaDvořákova 7Czechia70103Ostrava
+420777306446katerina.mikulcova@osu.cz
Participating actions

    CA23153
    CA22114 

    WG 1, WG 2, WG 4, WG 5  Czechia
Dr Motti Haimi
Max Stern Yezreel Valey Academic CollegeD. N Emek YezreelIsrael1930600Emek Yezreel
+972504557767morx@netvision.net.il
Participating actions

    CA23153 

    WG 1, WG 2, WG 5    Israel
Dr Slavica Tutnjevic
University of Banja LukaBulevar vojvode Petra Bojovića 1ABosnia & Herzegovina78000Banja Luka
+38765538837slavica.tutnjevic@ff.unibl.org
Participating actions

    CA23153
    CA22111
    IS1406
    IS1402
    CA18211
    CA18138
    CA17127 

    WG 1, WG 2, WG 5    Bosnia & Herzegovina
Dr Camellia Hancheva
Sofia University St Kliment OhridskiBul Tzar Osvoboditel 15Bulgaria1504Sofia
+35929308240hancheva@phls.uni-sofia.bg
Participating actions

    CA23153
    CA22114
    CA18138
    CA18123
    CA16102 

    WG 1, WG 2  Bulgaria
Prof Dorit Olenik Shemesh
The Open UniversityUniversity RoadIsraelRaanana
+97297781436doritol@openu.ac.il
Participating actions

    CA23120
    CA23153
    CA21143
    IS1210
    IS0801
    CA19106
    CA19104
    CA18121
    CA17114
    CA15221 

    WG 1, WG 2  Israel
Dr Anamaria Malešević
Catholic University of CroatiaIlica 244Croatia10000Zagreb
385917275068anamaria.malesevic@unicath.hr
Participating actions

    CA23153 

    WG 1, WG 3, WG 5    Croatia
Dr Saskia Kelders
University of TwentePO Box 217NetherlandsEnschede
+31534896055s.m.kelders@utwente.nl
Participating actions

    CA23153 

    WG 1, WG 4  Netherlands
Ms Luca Koltai
HÉTFA Research Institute Ltd.Október 6. Str. 19. HungaryBudapest
709461966koltai.luca8@gmail.com
Participating actions

    CA23153
    CA20112
    CA18213 

    WG 1    Hungary
Dr Amanda Fitzgerald
University College DublinBelfieldIrelandD04V1W8Dublin
+0035317168541amanda.fitzgerald@ucd.ie
Participating actions

    CA23153
    IS1210 

    WG 1, WG 2, WG 3    Ireland
Dr Constantina Demetriou
European University Cyprus6, Diogenous str, EgkomiCyprus2404Nicosia
0035799310707co.demetriou@euc.ac.cy
Participating actions

    CA23153
    CA19106 

    WG 1, WG 3, WG 4    Cyprus
Prof Bojana Dinić
Univerzitet U Novom SaduDr Zorana Dindica 1Serbia21000Novi Sad
+381648011150bojana.dinic@ff.uns.ac.rs
Participating actions

    CA23120
    CA23153
    CA18115 

    WG 1, WG 3  Serbia
Prof Marina Merkas
Hrvatsko Katolicko SveucilisteIlica 242Croatia10000Zagreb
+ 385 (0) 1 370 66 47marina.merkas@unicath.hr
Participating actions

    CA23153 

    WG 1, WG 3  Croatia
Dr Yianna Ioannou
University of NicosiaMakedonitissis 46Cyprus2417Nicosia
+35722795104ioannou.yi@unic.ac.cy
Participating actions

    CA23153
    CA16102 

    WG 1, WG 4  Cyprus
Prof Nagihan Oguz Duran
Bursa Uludag UniversityGörükle Kampüsü Görükle Mah. Üniversite 1. Cadde Kapı No:405Türkiye16059Nilüfer / BURSA
02242941122nagihan@uludag.edu.tr
Participating actions

    CA23153 

    WG 1, WG 2, WG 3, WG 4, WG 5    Türkiye
Ms Firdevs Ozturk
Bursa Uludag UniversityBursa Uludag University, Faculty of Education, Department of Educational Sciences, Guidance and Psychological Counseling, Nilüfer BursaTürkiye16059Bursa
+90 543 716 51 47firdevsozturk@uludag.edu.tr
Participating actions

    CA23153
    CA19117
    CA19104 

    WG 1, WG 2, WG 3, WG 4, WG 5    Türkiye
Ms SURA DAL
Karadeniz Technical University - Karadeniz Technical University Health Science Institute cKaradeniz Teknik Üniversitesi Sağlık Bilimleri Fakültesi Ortahisar/, Trabzon Merkez/TrabzonTürkiye61000Trabzon
+90 539 232 92 62suradal98@gmail.com
Participating actions

    CA23153 

    WG 1, WG 2, WG 3, WG 4, WG 5    Türkiye
Dr Esen Altunay
Ege UniversityEge Universitesi KampusuTürkiye35100Izmir
0905056586088esenaltunay@yahoo.com
Participating actions

    CA23153
    CA21143
    CA21107
    CA20137 

    WG 1, WG 2, WG 3, WG 4, WG 5    Türkiye
Dr George Angelos Papadopoulos
University of Cyprus1 University AvenueCyprus2109Aglantzia
+35722892693george@ucy.ac.cy
Participating actions

    CA23114
    CA23135
    CA23153
    IC1406
    CA19142
    CA18236 

    WG 1, WG 2, WG 3, WG 4, WG 5    Cyprus
Prof Aleksandra Błachnio
Uniwersytet Kazimierza WielkiegoUl Chodkiewicza 30Poland85 064Bydgoszcz
+48 609851688aleksandra.blachnio@gmail.com
Participating actions

    CA23149
    CA23153 

    WG 1, WG 2, WG 3, WG 4  Poland
Dr Hasan Kütük
Istanbul Sabahattin Zaim UniversityHalkalı Caddesi, No: 281, Halkalı/KüçükçekmeceTürkiye34303Istanbul
+90 537 7974371hasankutuk28@gmail.com
Participating actions

    CA23113
    CA23153 

    WG 1, WG 2, WG 4, WG 5  Türkiye
Dr Bahar AKSOY
Akdeniz University Kumluca Faculty of Health SciencesAkdeniz University Kumluca Faculty of Health SciencesTürkiye07350Antalya
+90531 298 0543baharaksoy6161@gmail.com
Participating actions

    CA23120
    CA23151
    CA23153
    CA22156
    CA21152
    CA21150
    CA21143
    CA22105
    CA21123
    CA21107
    CA20137
    CA19117
    CA19106 

    WG 1, WG 2, WG 3, WG 4, WG 5    Türkiye
Prof Lara Schibelsky Godoy Piccolo
CODE University of Applied SciencesDonaustraße 44Germany12043Berlin
+4915204515145larapicc@gmail.com
Participating actions

    CA23153 

    WG 1, WG 2, WG 4    Germany
Dr Murat Topal
Sakarya UniverstySakarya Üniversitesi Esentepe Kampüsü Kemalpaşa Mahallesi Üniversite Caddesi 54050 Serdivan / SAKARYATürkiye54050Sakarya
+902642957081mtopal@sakarya.edu.tr
Participating actions

    CA23114
    CA23120
    CA23153
    CA22145
    CA22104 

    WG 1, WG 2, WG 5    Türkiye
Mr Tine Šteger
University of Ljubljana, Faculty of Social ScienceKardeljeva ploščad 5Slovenia1000Ljubljana
0038640717529tine.steger@fdv.uni-lj.si
Participating actions

    CA23102
    CA23114
    CA23153
    CA20123 

    WG 1, WG 2, WG 5    Slovenia
Prof Gökçe GÖKALP
Middle East Technical UniversityDumlupinar Bulvari 1Türkiye6800Ankara
0312 210 4003ggokalp@metu.edu.tr
Participating actions

    CA23112
    CA23153
    CA19117 

    WG 1, WG 2, WG 5    Türkiye
Dr NESLiHAN NUR PEHLiVAN
Hitit UniversityÇevre yolu bulvarıTürkiye19030Çorum
905557466825nesli.celebi@hotmail.com
Participating actions

    CA23113
    CA23114
    CA23151
    CA23153
    CA22162
    CA22167
    CA22111
    CA22101
    CA22127
    CA22128
    CA21117
    CA21123
    CA20137
    CA20104 

    WG 1, WG 2, WG 5    Türkiye
Dr Simon Hoermann
University Of CanterburyPrivate Bag 4800New Zealand8140Christchurch
+64 3 369 2457simon.hoermann@canterbury.ac.nz
Participating actions

    CA23153 

    WG 1, WG 4  New Zealand
Ms Shivani Atul Mansklal
Lusófona University - University Centre of LisbonCampo Grande 376Portugal1749-024Lisboa
+351 937 606 477shivani.atul@ulusofona.pt
Participating actions

    CA23153 

    WG 1, WG 3, WG 4, WG 5  Portugal
Ms Ivanilda B. Costa
Universidade LusófonaCampo Grande 376Portugal1749-024Lisboa
+351 969381565costa.b.ivanilda@gmail.com
Participating actions

    CA23153 

    WG 1, WG 5  Portugal
Ms Maria Karampela
Goldsmiths, University of LondonGreat Court Great Court, 78 Rolls Road, SE1 5DUUnited KingdomSE1 5DULondon
00447883041004mariakarabela32@gmail.com
Participating actions

    CA23113
    CA23153
    CA20137 

    WG 1, WG 2, WG 3, WG 4, WG 5    United Kingdom
Prof Αmaryllis Malegiannaki
University of Western Macedonia3rd Km Florina-Niki strGreece53100Florina
+302313089507amalegiannaki@uowm.gr
Participating actions

    CA23153
    CA22128
    CA18106 

    WG 1, WG 2, WG 3, WG 4  Greece
Ms Maria Hillorn
Umea UniversitetBiblioteksgränd 6Sweden90187Umeå
+46730821648maria.hillorn@umu.se
Participating actions

    CA23153 

    WG 1, WG 3, WG 5    Sweden
Dr Maria Karekla
University of Cyprus1 Panepistimiou AvenueCyprus2109Aglantzia, Nicosia
357 22892100karekla.maria@ucy.ac.cy
Participating actions

    CA23153
    CA21152
    CA22127
    CA19117 

    WG 1, WG 3, WG 4, WG 5  Cyprus
Mr Tim Vanhove
Artevelde University of Applied SciencesHoogpoort 15Belgium9000Gent
0032486623155tim.vanhove@arteveldehs.be
Participating actions

    CA23153 

    WG 1, WG 3, WG 4, WG 5  Belgium
Dr Alev Aktaş
Sivas Cumhuriyet UniversityYenisehir mahallesiTürkiye58140Sivas
+903464870000alevalevaktas2@gmail.com
Participating actions

    CA23153 

    WG 1, WG 3, WG 4, WG 5  Türkiye
Dr Nedim Özdemir
Ege UniversityEge Universitesi KampusuTürkiye35100Izmir
+905056560297ozdemirnedim@gmail.com
Participating actions

    CA23153
    CA21143
    CA21107
    CA20137 

    WG 1, WG 3, WG 4, WG 5  Türkiye
Prof Sofia Marques Ramalho
Universidade Lusíada (Porto)Rua de Moçambique 21 e 71 (Aldoar)Portugal4100-348Porto
+351 22 557 08 00sofiaramalho@por.ulusiada.pt
Participating actions

    CA23153
    CA19117 

    WG 1, WG 3, WG 4    Portugal
Dr Dijana Miloseva
University Clinic Of PsychiatryUl Belgradska B BNorth MacedoniaSkopje
+389 71330466dijana.miloseva@gmail.com
Participating actions

    CA23153
    CA22111
    CA22114 

    WG 1, WG 3, WG 4    North Macedonia
Prof Lence Miloseva
Faculty of Medical sciences, Goce Delcev UniversityKrste Misirkov, 10ANorth Macedonia2000Stip
+38970322582lence.miloseva@ugd.edu.mk
Participating actions

    CA23153
    CA22114 

    WG 1, WG 3, WG 4    North Macedonia
Dr Daniel Rough
University Of DundeeNethergateUnited KingdomDD1 4HNDundee
+44 07585552201drough001@dundee.ac.uk
Participating actions

    CA23153 

    WG 1, WG 3, WG 4    United Kingdom
Dr Sinan Okur
National Defense University, Turkish Air Force AcademyYeşilköy Mah., Eski Havalimanı Cad., 34149 Bakırköy/İstanbulTürkiye34149Istanbul
+902126632490 (4181)sokur@hho.msu.edu.tr
Participating actions

    CA23113
    CA23153 

    WG 1, WG 3, WG 4    Türkiye
Ms Zoi Kovatsou
Aristotle University of ThessalonikiFaculty of Sciences building, University Campus, Aristotle University of ThessalonikiGreeceGR-54124Thessaloniki
0030 6987860923zoe_kov@hotmail.com
Participating actions

    CA23153 

    WG 1, WG 2, WG 3, WG 4, WG 5    Greece
Dr Tereza Javornicky Brumovska
Charles UniversitySmetanovo nabreziCzechia11000Prague 1
00420/607806233tereza.br@email.cz
Participating actions

    CA23137
    CA23153
    CA21143
    CA18213 

    WG 1, WG 2, WG 3, WG 4, WG 5    Czechia
Ms Amparo Luján-Barrera
University of ValenciaAvenida Blasco Ibáñez, 15Spain46010Valencia
+34 689 286 800amparo.l.lujan@uv.es
Participating actions

    CA23153 

    WG 1, WG 2, WG 3, WG 4, WG 5    Spain
Dr João Miguel Alves Ferreira
MUHNAC - Museu Nacional de História Natural e da Ciência da Universidade de LisboaRua da Escola Politécnica 56/58, PortugalPortugal1250-102Lisboa
926808586naquelepordosol@gmail.com
Participating actions

    CA23106
    CA23112
    CA23113
    CA23120
    CA23153
    CA22162
    CA19133
    CA19117 

    WG 1, WG 2, WG 3, WG 4, WG 5    Portugal
Ms Karolina Gabor-Siatkowska
Warsaw University of TechnologyNowowiejska 15/19Poland00-665Warsaw
+48 797 552 996karolina.gabor-siatkowska.dokt@pw.edu.pl
Participating actions

    CA23153
    CA21131
    CA19142 

    WG 1, WG 2, WG 3, WG 4, WG 5    Poland
Dr Jessica Surdey
University College DublinBelfieldIrelandD04V1W8Dublin
+16077279621jessica.surdey@ucd.ie
Participating actions

    CA23153 

    WG 1, WG 2, WG 3, WG 5  Ireland
Dr Olivia Collier
University of BathBuilding 1United KingdomBath
932729187oliviacollierpsychology@gmail.com
Participating actions

    CA23153 

    WG 1, WG 3  United Kingdom
Dr Darragh McCashin
Dublin City UniversityCollins AvenueIrelandGlasnevin Dublin 9
0035317007383darragh.mccashin@dcu.ie
Participating actions

    CA23153
    CA20137
    CA19117
    CA16207 

    WG 1, WG 2, WG 4    Ireland
Ms Anna Meyniel
International Centre for Missing and Exploited Children, Switzerland (ICMEC CH)Föhrenstrasse 3Switzerland8703Erlenbach
3300684683655ameyniel@icmec.org
Participating actions

    CA23153
    CA22128 

    WG 1, WG 2, WG 5    Switzerland
Dr Carmen Kealy
University of GalwayILAS Newcastle rd DanganIrelandH91 C7DKGalway
0035391776724ckealy@universityofgalway.ie
Participating actions

    CA23153 

    WG 1, WG 2  Ireland
Dr Víctor García-Pedomo
Universidad De La SabanaCampus Puente Del Comun Km 7 Autopista Norte De BogotaColombia250001Chia Cundinamarca
+573165250361victor.garcia2@unisabana.edu.co
Participating actions

    CA23153 

    WG 1, WG 2  Colombia
Prof Tali Heiman
The Open UniversityUniversity RoadIsraelRaanana
+972544478050tali.heiman@gmail.com
Participating actions

    CA23120
    CA23153
    CA21143
    IS1210
    IS0801
    CA19106
    CA19104
    CA17114
    CA15221 

    WG 1, WG 2  Israel
Dr Paul Best
Queen's University Belfast97 Lisburn RoadUnited KingdomBT9 7BLBelfast
02890975632P.Best@qub.ac.uk
Participating actions

    CA23153 

    WG 1, WG 2  United Kingdom
Dr Neslihan Onder-Ozdemir
Bursa Uludag UniversityGörükle Kampüsü Görükle Mah. Üniversite 1. Cadde Kapı No:405Türkiye16059Nilüfer / BURSA
+905419758992neslionder@uludag.edu.tr
Participating actions

    CA23112
    CA23120
    CA23153
    CA22159
    CA22156
    CA21167
    CA22126
    CA21131
    CA22116
    CA22115
    CA21114
    CA20137 

    WG 1, WG 2, WG 3, WG 4, WG 5    Türkiye
Prof João Vasco Santos
UNIVERSIDADE DO PORTOAl. Prof. Hernâni MonteiroPortugal4200 - 319Porto
225513668jvasco.santos@gmail.com
Participating actions

    CA23113
    CA23118
    CA23151
    CA23153
    CA22156
    CA22111
    CA21166
    CA22141
    CA21158
    CA21150
    CA22136
    CA21138
    CA22117
    CA22116
    CA21125
    CA21124
    CA20123
    CA20112
    CA18218 

    WG 1, WG 2, WG 3, WG 4, WG 5    Portugal
Ms Vera Pinheiro
CINTESIS – Center for Health Technology and Services ResearchRua Dr. Plácido da Costa, s/nPortugal4200-450Porto
00351916921675verafcpinheiro@gmail.com
Participating actions

    CA23113
    CA23118
    CA23151
    CA23153
    CA22162
    CA22116
    CA20112
    CA18218 

    WG 1, WG 2, WG 3, WG 4, WG 5    Portugal
Prof Minna Pikkarainen
Oslomet - StorbyuniversitetetPilestredet 42NorwayOslo
+47 41231716minna.pikkarainen@oslomet.no
Participating actions

    CA23153 

    WG 1, WG 2, WG 3, WG 4, WG 5    Norway
Dr NURTEN GÜLSÜM BAYRAK
Giresun UniversityGaziler Mahallesi, Prof. Ahmet Taner Kışlalı CdTürkiye28200Giresun
+905305237131nurtenbayrak28@gmail.com
Participating actions

    CA23113
    CA23153
    CA19106 

    WG 1, WG 2, WG 3, WG 4, WG 5    Türkiye
Dr EDA SAHIN
Giresun UniversityGaziler Mahallesi, Prof. Ahmet Taner Kışlalı CdTürkiye28200Giresun
+905062400728edabasustaoglu@gmail.com
Participating actions

    CA23113
    CA23151
    CA23153
    CA21154
    CA21152
    CA21150
    CA21143
    CA21145
    CA22114
    CA21123
    CA21107
    CA20137
    CA18211 

    WG 1, WG 2, WG 3, WG 4, WG 5    Türkiye
Dr Burak Yaprak
Istanbul Ticaret UniversityÖrnektepe Mah., İmrahor Cad.Türkiye34445Istanbul
+905453397115brkyprk@gmail.com
Participating actions

    CA23110
    CA23113
    CA23117
    CA23124
    CA23147
    CA23148
    CA23150
    CA23153
    CA22101
    CA22124
    CA21133
    CA21127
    CA20137
    CA20112 

    WG 1, WG 2, WG 3, WG 4, WG 5    Türkiye
Dr Fatih Ertam
Firat UniversitesiFirat UniversityTürkiye23119Elazig
904242370000fatih.ertam@firat.edu.tr
Participating actions

    CA23109
    CA23126
    CA23135
    CA23153
    CA21131
    CA22104
    CA19102 

    WG 1, WG 2, WG 3, WG 4, WG 5    Türkiye
Dr Diana Portela
SESARAMR. das Hortas 67Portugal9054-526Funchal
918829260di.portelasilva@gmail.com
Participating actions

    CA23146
    CA23151
    CA23153
    CA22161
    CA22162
    CA22101
    CA22143
    CA22104
    CA22116
    CA21122
    CA21113
    CA21111
    CA21107
    CA20130
    CA20123
    CA20112
    CA19136
    CA19124
    CA19117
    CA18227
    CA18218 

    WG 1, WG 2, WG 3, WG 4, WG 5    Portugal
Dr Şeyhmus Aksoy
Agri Ibrahim Cecen UniversityFırat Mahallesi Yeni Üniversite Caddesi No: 2 AE/1Türkiye04100Ağrı
+90 534 570 87 90seyhmus.aksoy1@gmail.com
Participating actions

    CA23112
    CA23113
    CA23118
    CA23137
    CA23151
    CA23153
    CA23101
    CA22162
    CA22156
    CA22111
    CA22101
    CA22149
    CA22134
    CA22136
    CA22124
    CA22125
    CA22128
    CA21137
    CA22119
    CA22103
    CA21129
    CA22106
    CA21118
    CA22108
    CA22110
    CA21107
    CA21103
    CA20137
    CA20130
    CA20123
    CA20112
    CA20107
    CA20104
    CA20128
    CA19136
    CA19131
    CA19127
    CA19117 

    WG 1, WG 2, WG 3, WG 4, WG 5    Türkiye
Ms seçil duran yılmaz
Karamanoglu Mehmetbey UniversityKaramanoglu Mehmetbey UniversityTürkiye71100Karaman
05465772813secilduran.91@gmail.com
Participating actions

    CA23153
    CA23101 

    WG 1, WG 2, WG 3, WG 4, WG 5    Türkiye
Dr Osman Tayfun Bişkin
Burdur Mehmet Akif Ersoy Universityİstiklal Yerleşkesi, Burdur Mehmet Akif Ersoy University, Electrical-Electronics Engineering Department Floor: 4 Room: 505Türkiye15030Burdur
+90 248 2132749tbiskin@mehmetakif.edu.tr
Participating actions

    CA23112
    CA23113
    CA23153
    CA22111
    CA22114
    CA19136
    CA19121
    CA19108
    CA17137 

    WG 1, WG 2, WG 3, WG 4, WG 5    Türkiye
Dr Mehmet Salih Yıldırım
Ağrı İbrahim Çeçen UniversityFırat Mahallesi Yeni Üniversite Caddesi No: 2 AE/1Türkiye04100Ağrı
+905426342337msyildirim@agri.edu.tr
Participating actions

    CA23110
    CA23113
    CA23133
    CA23139
    CA23146
    CA23151
    CA23153
    CA23101
    CA22167
    CA21152
    CA22127
    CA21137
    CA22103
    CA22116
    CA22106
    CA21117
    CA21123
    CA21111
    CA21107
    CA20138
    CA20137
    CA20121
    CA20119
    CA20104
    CA20128
    CA19133 

    WG 1, WG 2, WG 3, WG 4, WG 5    Türkiye
Prof Charles Mifsud
Universita' ta' MaltaMsidaMaltaMSD2080Msida
+35621315400charles.l.mifsud@um.edu.mt
Participating actions

    CA23153
    CA21131
    CA21114
    IS1410
    IS1404
    IS1401
    CA19104
    CA19102 

    WG 1, WG 3, WG 5    Malta
Dr Vera Kaelin
Umea UniversityUmeå UniversitySwedenSE-901 87Umeå
+46 70 208 44 04vera.kaelin@umu.se
Participating actions

    CA23153 

    WG 1, WG 3, WG 5    Sweden
Prof janet mattsson
Univesity of south east norwayRaveienNorway3184Borre
+46704975934janet.mattsson@usn.no
Participating actions

    CA23153 

    WG 1, WG 3, WG 5    Norway
Dr Jonida Lesha
University of Shkodra "Luigj Gurakuqi"Sheshi 2 PrilliAlbania4001Shkoder
0355696139904jonida.lesha@unishk.edu.al
Participating actions

    CA23113
    CA23153 

    WG 1, WG 3, WG 5    Albania
Dr Francisco D. Bretones
University of GranadaAvda de la Investigación 11Spain18016Granada
+34958249545fdiazb@ugr.es
Participating actions

    CA23153 

    WG 1, WG 3  Spain
Ms Alejandra Trillo
University of GranadaCalle Cuesta del Hospicio, s/nSpain18071Granada
+34673148483atrillo@ugr.es
Participating actions

    CA23153 

    WG 1, WG 3  Spain
Ms Danijela Zorchec
Macedonian association for applied psychologyMetodija Mitevski 8/7-7North Macedonia1000Skopje
+38972227103dzorcec@gmail.com
Participating actions

    CA23153
    CA21150
    CA22139 

    WG 1, WG 3  North Macedonia
Dr Aysegul ILGAZ
Akdeniz UniversityDUMLUPINAR BULVARI KampusTürkiye07058Antalya
+905435403091aozer2012@gmail.com
Participating actions

    CA23113
    CA23120
    CA23151
    CA23153
    CA23101
    CA22170
    CA22167
    CA21170
    CA21166
    CA21153
    CA21152
    CA21143
    CA21145
    CA22127
    CA21137
    CA22114
    CA21123
    CA21110
    CA21107
    CA20137
    CA20107
    CA20104
    CA19136
    CA19133
    CA19132
    CA19121
    CA19117
    CA19113
    CA19106
    CA19101 

    WG 1, WG 3  Türkiye
Prof Jasmin Niess
University of OsloGaustadalléen 23BNorway0373Oslo
+47 22852427jasminni@uio.no
Participating actions

    CA23153 

    WG 1, WG 4, WG 5    Norway
Dr Ikram Asghar
Teesside UniversityUnited KingdomTS1 3BXMiddlesbrough
07459827349i.asghar@tees.ac.uk
Participating actions

    CA23153
    CA21137 

    WG 1, WG 4, WG 5    United Kingdom
Dr Parisa Gazerani
Oslo Metropolitan UniversityPostboks 4 St Olavs PlassNorway0130Oslo
+47 67 23 53 97parisaga@oslomet.no
Participating actions

    CA23153
    CA22111 

    WG 1, WG 4  Norway
Prof Catarina Pinheiro Mota
University of Tras-os-Montes and Alto DouroQuinta de PradosPortugal5000-801Vila Real
+351259350769catppmota@utad.pt
Participating actions

    CA23153
    CA21143
    CA19117
    CA17114
    CA16102 

    WG 1, WG 4  Portugal
Prof Dalia Kriksciuniene
Vilniaus UniversitetasSaulėtekio al. 9LithuaniaVilnius
+0037060027141dalia.kriksciuniene@knf.vu.lt
Participating actions

    CA23153
    CA15222 

    WG 1, WG 4  Lithuania
Dr Alex Wade
Birmingham City UniversityWestbourne RoadUnited KingdomB15 3TNBirmingham
+447921620994alex.wade@bcu.ac.uk
Participating actions

    CA23153
    CA21141 

    WG 1, WG 4  United Kingdom
Mr Mustafa Alpgiray SOYLEMEZ
Sinop UniversitesiSinop University RectorateTürkiye57010Sinop
0905052743200alpgiray@sinop.edu.tr
Participating actions

    CA23112
    CA23113
    CA23117
    CA23124
    CA23153 

    WG 1, WG 2, WG 3    Türkiye
Mr Enric Garcia Torrents
Universitat Rovira i VirgiliAvinguda Països Catalans 26SpainTarragona
+34610010792research@enricgarcia.md
Participating actions

    CA23113
    CA23147
    CA23153
    CA22116
    CA19133
    CA19117 

    WG 1, WG 2, WG 3, WG 4, WG 5    Spain
Ms Tamar Mujirishvili
Universidad de AlicanteCarretera San Vicente del Raspeig s/nSpainSan Vicente del Raspeig
+34643561192mujiry@gmail.com
Participating actions

    CA23153
    CA19121 

    WG 1, WG 2, WG 3, WG 4, WG 5    Spain
Ms Kandela Õun
University of TartuRingi 35Estonia80012Pärnu
+37258047698kandela.oun@ut.ee
Participating actions

    CA23153
    IS1202 

    WG 1, WG 4  Estonia
Dr Nazife ÖZTÜRK
Antalya Training and Research HospitalVarlık Mah. Kazım Karabekir Cad.Türkiye07100Antalya
05056831695nazifeozturk83@gmail.com
Participating actions

    CA23113
    CA23153
    CA22170
    CA21147
    CA21110
    CA21107
    CA20137
    CA20112
    CA18218 

    WG 1    Türkiye
Dr Ayla İrem Aydın
Bursa Uludag UniversityGörükle Kampüsü Görükle Mah. Üniversite 1. Cadde Kapı No:405Türkiye16059Nilüfer / BURSA
090 05554599261iremaydin@uludag.edu.tr
Participating actions

    CA23153 

    WG 1    Türkiye
Mr Arjan Kamburi
Fan S Noli UniversityShetitorja RilindasitAlbania7001Korca
+355684319014akamburi@unkorce.edu.al
Participating actions

    CA23113
    CA23153 

    WG 1, WG 2, WG 3, WG 4, WG 5    Albania
Dr Jessica Hemberg
Åbo Akademi UniversityPb 311Finland65101Vasa FINLAND
+358503395688jessica.hemberg@abo.fi
Participating actions

    CA23153
    CA21137 

    WG 1, WG 2  Finland
Dr Aylin Yetim Şahin
Istanbul Universityİstanbul Üniversitesi, Beyazit-FatihTürkiye34452İstanbul
+902124142000aylin.yetim@istanbul.edu.tr
Participating actions

    CA23153 

    WG 1, WG 2, WG 3, WG 4, WG 5    Türkiye
Prof Eleni Meletiadou
London Metropolitan UniversityHolloway Road 166 220United KingdomN7 8DBLondon
07541911086elenim@outlook.com
Participating actions

    CA23103
    CA23105
    CA23113
    CA23114
    CA23117
    CA23118
    CA23120
    CA23128
    CA23129
    CA23147
    CA23153
    CA22101
    CA21166
    CA22145
    CA21143
    CA22139
    CA22126
    CA21131
    CA22115
    CA21118
    CA21114
    CA21107
    CA20137
    CA20115
    CA19142
    CA19135
    CA19122
    CA19104
    CA19102
    CA18231
    CA18123 

    WG 1, WG 5  United Kingdom
Dr Gül Ünsel Bolat
Balıkesir UniversitesiÇağış YerleşkesiTürkiye10145Balıkesir
902666121010gul.unsel.bolat@gmail.com
Participating actions

    CA23151
    CA23153
    CA23156
    CA22111
    CA22114
    CA21130
    CA21123
    CA20137
    CA19133
    CA19132
    CA19117 

    WG 1, WG 5  Türkiye
Dr Mustafa Nal
Kutahya Health Sciences UniversityZafertepeTürkiye43100Kütahya
02742600043mustafa.nal@ksbu.edu.tr
Participating actions

    CA23153
    CA22167
    CA22116 

    WG 1, WG 5  Türkiye
Ms Erza Selmani
Heimerer CollegeRoad to VeternikKosovo*10000Prishtina
049827784erza.selmani@kolegji-heimerer.eu
Participating actions

    CA23153 

    WG 1, WG 4  Kosovo*
Dr Beate Wold Hygen
Ntnu Samfunnsforskning AsDragvoll Alle 38 BNorway7491Trondheim
4791897720beate.hygen@samforsk.no
Participating actions

    CA23153 

    WG 1, WG 3  Norway
Dr David Coyle
University College DublinUCD Science Centre East, BelfieldIrelandDublin
+35317162470d.coyle@ucd.ie
Participating actions

    CA23153 

    WG 1, WG 2, WG 3, WG 4, WG 5    Ireland
Dr Elona Hasmujaj
University of Shkoder "Luigj Gurakuqi"Sheshi 2 PrilliAlbania4001Shkoder
+355686414991elona.hasmujaj@unishk.edu.al
Participating actions

    CA23153 

    WG 1, WG 2, WG 3, WG 4, WG 5    Albania
Dr Kevin Rebecchi
University Lumière Lyon 25 Av. Pierre Mendès FranceFrance69500Bron
+33662073943rebecchikevin@yahoo.fr
Participating actions

    CA23153
    CA22111 

    WG 1    France
Dr Petar Rajkovic
University Of Nis- Faculty Of Electronic EngineeringAleksandra Medvedeva 14Serbia18000Nis
+38118588448petar.rajkovic@elfak.ni.ac.rs
Participating actions

    CA23111
    CA23125
    CA23153
    CA19135 

    WG 1, WG 4, WG 5    Serbia
Prof Tatjana Zorcec
University Children's HospitalNorth Macedonia1000Skopje
+38970620226tzorcec@gmail.com
Participating actions

    CA23153
    CA21150
    CA22139
    BM1004
    BM0905
    TD1309
    IS1406
    IS1210
    IS0603
    CA17117
    CA17114
    CA15222
    CA15208 

    WG 1, WG 3  North Macedonia
Dr Karima Boudaoud
Université Cöte d'Azur930 ROUTE DES COLLESFrance06903SOPHIA ANTIPOLIS CEDEX
+33 4 92 96 51 72Karima.BOUDAOUD@univ-cotedazur.fr
Participating actions

    CA23153
    CA22104
    CA19122 

    WG 1, WG 4, WG 5    France
Ms Alba Madrid Cagigal
University of Galway19 Distillery RoadIrelandGalway
0874099637a.madridcagigal1@universityofgalway.ie
Participating actions

    CA23153 

    WG 1, WG 2  Ireland
Prof Catia Prandi
Alma Mater Studiorum - Universita Di BolognaVia dell'Università 50Italy47521Cesena
+39catia.prandi2@unibo.it
Participating actions

    CA23153
    CA18230 

    WG 1, WG 4  Italy
Dr Canan Birimoglu Okuyan
Sakarya University of Applied SciencesAkyazıTürkiye54050Sakarya
+95539272035cananbirimoglu@gmail.com
Participating actions

    CA23113
    CA23153
    CA22152
    CA20104 

    WG 1, WG 4, WG 5    Türkiye
Dr Havva Gezgin Yazıcı
KÜTAHYA HEALTH SCİENCES UNIVERSITYGermiyan KampüsüTürkiye43000Kütahya
05355796187havvagezgin@gmail.com
Participating actions

    CA23113
    CA23153 

    WG 1, WG 2  Türkiye
Prof Andrina Granic
Sveuciliste U Splitu, Prirodoslovno-matematicki FakultetRudera Boskovica 33Croatia21000Split
+38521619222andrina.granic@pmfst.hr
Participating actions

    CA23114
    CA23135
    CA23153
    TD1406
    CA19142
    CA18230 

    WG 1, WG 2, WG 4, WG 5  Croatia
Dr Süleyman Akçıl
Zonguldak Bülent Ecevit UniversityZonguldak Bülent Ecevit Üniversitesi Rektörlüğü PK:İncivezTürkiye67100Zonguldak
00905541471084slymnakcil@gmail.com
Participating actions

    CA23112
    CA23113
    CA23117
    CA23153
    CA22101
    CA20115 

    WG 1, WG 2, WG 3, WG 4, WG 5    Türkiye
Dr Mari Janikian
Deree-The American College of GreeceGravias 6Greece153 42Athens
+302130158740mjanikian@acg.edu
Participating actions

    CA23153
    CA16102 

    WG 1, WG 2, WG 3, WG 4, WG 5    Greece
Prof AYNUR KESEN MUTLU
Istanbul Medipol UniversitesiAtaturk Bulvari 27 Faith Kasapdemirhun MahallesiTürkiye34083Istanbul
05323830178amutlu@medipol.edu.tr
Participating actions

    CA23153 

    WG 1, WG 2, WG 3, WG 4, WG 5    Türkiye
Ms Aysegul Bakir
Hacettepe UniversitesiBeytepeTürkiye06800Ankara
+905370453221aysegulbakir@hacettepe.edu.tr
Participating actions

    CA23153 

    WG 1, WG 2, WG 3, WG 4, WG 5    Türkiye
Dr İsmail Kuşci
Tokat Gaziosmanpasa UniversitesiKaleardı streetTürkiye60030Tokat
+905378652749kusci.ismail@gmail.com
Participating actions

    CA23153
    CA21143 

    WG 1, WG 2, WG 3, WG 4, WG 5    Türkiye
Dr Jalal Arabloo
Iran University of Medical SciencesShahid Hemmat HighwayIran14496-14535Tehran
+989128467084arabloo_j64@yahoo.com
Participating actions

    CA23113
    CA23153
    CA21140
    CA19117
    CA18218 

    WG 1, WG 2, WG 3, WG 4, WG 5    Iran
Dr Hakkı Bağcı
Sakarya UniversityUniversite cadddesiTürkiye54050Sakarya
+902642956698hbagci@sakarya.edu.tr
Participating actions

    CA23153 

    WG 1, WG 2, WG 4, WG 5  Türkiye
Dr Murat Eyuboglu
Eskisehir Osmangazi UniversitesiBademlik Yerleskesi, OdunpazariTürkiye26480Eskisehir
00905379537136drmurateyuboglu@gmail.com
Participating actions

    CA23153 

    WG 1, WG 3, WG 4    Türkiye
Dr ESİN ÖZER
AYDIN ADNAN MENDERES UNIVERSITYEfelerTürkiye09970Aydın
5054454032eozer@adu.edu.tr
Participating actions

    CA23153 

    WG 1    Türkiye
Dr Sara Nanetti
Università Cattolica del Sacro CuoreLargo Fra Agostino Gemelli, 1Italy20123Milan
+393925810065sara.nanetti@unicatt.it
Participating actions

    CA23153
    CA22167 

    WG 1, WG 5  Italy
Dr Hai Nguyen
University Of South Wales Prifysgol De CymruLlantwit Road TreforestUnited KingdomCF37 1DLPontypridd
07770091534hai.nguyen1@southwales.ac.uk
Participating actions

    CA23147
    CA23153
    CA21118 

    WG 1, WG 2, WG 4, WG 5  United Kingdom
Ms Héloïse PRIM
Association des centres sociaux de Wattrelos21 rue louis dornierFrance59150Wattrelos
+33625488696europe2.acswattrelos@gmail.com
Participating actions

    CA23117
    CA23153 

    WG 1, WG 2  France
Ms Martina Carnevale
UNIVERSITA DEGLI STUDI DI BRESCIAVia Branze, 38Italy25123Brescia
+39 3298914228m.carnevale96@gmail.com
Participating actions

    CA23153 

    WG 1, WG 3  Italy
Dr Alena Lochmannová
Charles Universityalej Svobody 1655/76Czechia32300Pilsen
00420725874757alena.oudova@centrum.cz
Participating actions

    CA23120
    CA23129
    CA23146
    CA23153
    CA22159
    CA22114 

    WG 1, WG 3  Czechia
Prof Josip Burusic
Institut Drustvenih Znanosti Ivo PilarMarulicev Trg 19/1Croatia10000Zagreb
+385912028200josip.burusic@pilar.hr
Participating actions

    CA23153
    A29
    IS1410
    IS1210
    CA18115 

    WG 1, WG 5  Croatia
Dr Colin Gorman
Ulster UniversityUnited KingdomBT521SAColeraine
02870123182c.gorman@ulster.ac.uk
Participating actions

    CA23153 

    WG 1    United Kingdom
Prof yi wang
University Of BedfordshireUniversity SquareUnited KingdomLU1 3JULuton
07763790998yi.wang@beds.ac.uk
Participating actions

    CA23112
    CA23135
    CA23138
    CA23141
    CA23147
    CA23153
    CA23158
    CA21166
    CA22145
    CA22129
    CA21158
    CA22134
    CA21149
    CA22136
    CA22124
    CA21142
    CA21133
    CA21131
    CA21127
    CA21118
    CA21124
    CA21114
    CA21107
    CA21103
    CA20112
    CA20106
    CA20104
    CA20128
    CA19145
    CA19143
    CA19136
    CA19135
    CA19132
    CA19131
    CA19130
    CA19124
    CA19123
    CA19117
    CA19107
    CA19102
    CA18209 

    WG 1, WG 2, WG 3, WG 4, WG 5    United Kingdom
Ms Duygu DEMİRTAŞ
Kocaeli UniversityKocaeli University, Umuttepe CampusTürkiye41001Kocaeli
05336182553duygu.demirtas@kocaeli.edu.tr
Participating actions

    CA23153 

    WG 1    Türkiye
Ms Ardita Bufaj
UNIVERSITETI I ARTEVE TIRANESHESHI NENE TEREZA, NO 2Albania1019TIRANA
+355692411858arditabufaj@yahoo.com
Participating actions

    CA23153 

    WG 1, WG 5  Albania
Dr Albulene Grajcevci
Saarland UniversityCampusGermany66123Saarbrücken
01626854205a.grajcevci@edutech.uni-saarland.de
Participating actions

    CA23120
    CA23153 

    WG 1, WG 3, WG 4, WG 5  Germany
Dr Engin Karaduman
Zonguldak Bülent Ecevit UniversityZonguldak Bülent Ecevit Üniversitesi Rektörlüğü PK:İncivezTürkiye67100Zonguldak
+905523155252enginkrdmn@gmail.com
Participating actions

    CA23112
    CA23117
    CA23153
    CA20115 

    WG 1, WG 2, WG 3, WG 4, WG 5    Türkiye
Prof Pavel Smrz
Brno University of TechnologyBozetechova 2Czechia61200Brno
+420541141282smrz@vut.cz
Participating actions

    CA23141
    CA23147
    CA23153
    TD1403
    CA18231
    CA16207
    CA16204
    CA16116
    CA16105 

    WG 1, WG 2, WG 3, WG 4, WG 5    Czechia
Dr Ebru Eskici
BOLU ABANT IZZET BAYSAL UNIVERSITYBolu Abant İzzet Baysal Üniversitesi Gölköy YerleşkesiTürkiye10430Bolu
+90 5372161011eebrdic@gmail.com
Participating actions

    CA23153
    CA22165
    CA20137 

    WG 1, WG 4, WG 5    Türkiye
Prof Emine Efe
Akdeniz UniversityAkdeniz University Nursing Faculty CampusTürkiye07058Antalya
02423106127efeemine2008@gmail.com
Participating actions

    CA23110
    CA23113
    CA23151
    CA23153
    CA22162
    CA22170
    CA22111
    CA21152
    CA21150
    CA21143
    CA22127
    CA22114
    CA21123
    CA21107
    CA20107
    CA20104 

    WG 1, WG 2, WG 5    Türkiye
Dr Burcu KÖMÜRCÜ AKİK
Ankara UniversitesiAnkara University, Biotechnology Institute, Gumusdere CampusTürkiye06135Ankara
+90 312 310 32 80 / 1751komurcuburcu@hotmail.com
Participating actions

    CA23153
    CA21150
    CA21143
    CA22114
    CA20104
    CA19133
    CA18211
    CA18138
    CA18123 

    WG 1, WG 2, WG 3    Türkiye
Ms EMİNE ÇETİNER
Antalya Bilim UniversityÇıplaklı Mah. Akdeniz Bulvarı No:290 A DöşemealtıTürkiye07190Antalya
05061426936emine.cetiner@antalya.edu.tr
Participating actions

    CA23151
    CA23153 

    WG 1, WG 4, WG 5    Türkiye
Prof Milana Ljubicic
University of Belgrade - Faculty of PhilosophyČika Ljubina 18-20Serbia11000Belgrade
+381113206181milanaljubicic@yahoo.com
Participating actions

    CA23153 

    WG 1, WG 2, WG 3, WG 4, WG 5    Serbia
Prof Brian McGuire
University of Galway19 Distillery RoadIrelandGalway
+35391493266brian.mcguire@nuigalway.ie
Participating actions

    CA23153
    TD1005 

    WG 1, WG 3, WG 4, WG 5  Ireland
Dr Ortenca Kotherja
Aleksander Xhuvani University Elbasan - Aleksander Xhuvani University, ElbasanAlbania10001Tirana
+355693700578kotherja_ortenca@hotmail.com
Participating actions

    CA23117
    CA23142
    CA23153
    CA23158
    CA23101
    CA22167
    CA21166
    CA22114
    CA22104
    CA21107
    CA19117 

    WG 1, WG 3  Albania
Dr Emin Demir
Tarsus UniversityTakbaş Mahallesi Kartaltepe Sokak Tarsus / MERSİNTürkiye33400Mersin
+90 (324) 600 00 33emindemir033@gmail.com
Participating actions

    CA23153
    CA22114 

    WG 1, WG 2, WG 3, WG 4, WG 5    Türkiye
Prof PINAR AYYILDIZ
LOKMAN HEKIM UNIVERSITY2185Türkiye06530Ankara
05370250682pinarayyildiz@yahoo.com
Participating actions

    CA23153 

    WG 1, WG 2, WG 3, WG 4, WG 5    Türkiye
Dr Serap Uğur
Anadolu UniversityYunusemre KampusuTürkiye26470Eskisehir
+902223350580serapsisman@anadolu.edu.tr
Participating actions

    CA23153 

    WG 1, WG 4  Türkiye
Dr Dilek ÇELİK EREN
Ondokuz Mayıs UniversityTürkiye55300ATAKUM
05076976158dilek-celik-61@hotmail.com
Participating actions

    CA23113
    CA23151
    CA23153 

    WG 1, WG 2, WG 3, WG 4, WG 5    Türkiye
Ms SEMRA SÖNGÜT
Hitit UniversityBahçelievler, Samsun Street No:96Türkiye19200Çorum
+90 (538) 0938989karacaoglu_semra@hotmail.com
Participating actions

    CA23153 

    WG 1, WG 3, WG 4    Türkiye
Ms Hannah Linney
Atlantic Technological UniversityAtlantic Technological UniversityIrelandH91 T8NWGalway
0858468731hannah.linney@research.atu.ie
Participating actions

    CA23153 

    WG 1, WG 2, WG 4    Ireland
Dr Linda Ziberi
RIT Kosovo (A.U.K), Rochester Institute of Technology– RIT Global Campus, KosovoRIT Kosovo (A.U.K)Kosovo*10000Germia Campus
+38970299995lziberi@auk.org
Participating actions

    CA23112
    CA23129
    CA23149
    CA23153 

    WG 1, WG 2, WG 5    Kosovo*
Prof Belgin Arslan Cansever
Ege UniversityEge Universitesi KampusuTürkiye35100Izmir
+9002323113156bacansever@gmail.com
Participating actions

    CA23153 

    WG 1, WG 3, WG 4, WG 5  Türkiye
Dr Ana Žulec Ivanković
Catholic University of CroatiaIlica 242Croatia10000Zagreb
+385989900763azulec@unicath.hr
Participating actions

    CA23153 

    WG 1, WG 2, WG 3, WG 4  Croatia
Mr Mustafa Samanci
Samsun UniversitesiGurgenyatak Mah Canik Campus Merkez Sok 40-2 D 1Türkiye55080Samsun
+905457618731mustafa.samanci@samsun.edu.tr
Participating actions

    CA23153 

    WG 1    Türkiye
Ms Eda Biçener
Sakarya UniversityKemaliye mahTürkiye54300Sakarya/Hendek
05389605099edabicener@sakarya.edu.tr
Participating actions

    CA23153 

    WG 1, WG 2, WG 5    Türkiye
Ms Katerina Sofia Paiva Drakos
University College CorkÁras na Laoi, Gaol WalkIrelandT12 T656Cork
+351961384350katerina.drakos@gmail.com
Participating actions

    CA23113
    CA23153 

    WG 1, WG 3, WG 4, WG 5  Ireland
Dr Nasir Muftić
University of SarajevoObala Kulina Bana 7Bosnia & Herzegovina71000Sarajevo
+38761500630N.muftic@pfsa.unsa.ba
Participating actions

    CA23153
    CA22101
    CA21141 

    WG 1, WG 2, WG 5    Bosnia & Herzegovina
Dr Mariam Chichua
Università degli Studi di PadovaVia Venezia 8Italy35131Padova
+393311168303m.chichua1@gmail.com
Participating actions

    CA23153 

    WG 1, WG 2, WG 3, WG 4  Italy
Dr Yesim Akin Yalcin
Kastamonu UniversityKastamonu KuzeykentTürkiye37200Kastamonu
+903662803381yakin@kastamonu.edu.tr
Participating actions

    CA23153 

    WG 1, WG 2, WG 3, WG 4, WG 5    Türkiye
Ms Ana Vukcevic
European Youth CardBulevar Mihaila LalicaMontenegro81000Podgorica
+38269649999anavukcevic1410@gmail.com
Participating actions

    CA23153 

    WG 1, WG 5  Montenegro
Dr Anida Dudić-Sijamija
University of SarajevoSkenderija 72Bosnia & Herzegovina71 000Sarajevo
+38761523332anida.dudic@fpn.unsa.ba
Participating actions

    CA23120
    CA23153
    CA21143 

    WG 1, WG 2, WG 3    Bosnia & Herzegovina
Ms Matea Bodrožić Selak
Hrvatsko Katolicko SveucilisteIlica 242Croatia10000Zagreb
+385957199671matea.selak@unicath.hr
Participating actions

    CA23153 

    WG 1, WG 3, WG 5    Croatia
Dr Fatih YAMAN
Manisa Celal Bayar UniversityMuradiye Mah. Sehit Prof. Dr. Ilhan Varank Yerleskesi, IIBF A BlokTürkiye45140Manisa
+905445042114fatih.yaman@cbu.edu.tr
Participating actions

    CA23135
    CA23148
    CA23153
    CA22101
    CA22134
    CA21143
    CA22128
    CA22110 

    WG 1, WG 5  Türkiye
Ms Beril Eser Odabasi
Moodist HospitalAcıbadem neighborhood Cecen street No:52Türkiye34660Istanbul
+905388487376psikologberileser@gmail.com
Participating actions

    CA23153 

    WG 1, WG 3, WG 4    Türkiye
Ms Miia Hästbacka
Abo AkademiStrandgatan 2Finland65100Vasa
0505725895miia.hastbacka@abo.fi
Participating actions

    CA23153 

    WG 1    Finland
Dr Shqiponje Ahmedi
Heimerer CollegeRoad to VeternikKosovo*10000Prishtina
0038348762712shqiponje.ahmedi@qt-heimerer.eu
Participating actions

    CA23153 

    WG 1, WG 3, WG 5    Kosovo*
Dr Simge ÖZTÜRK
Eskisehir Osmangazi UniversitesiBüyükdere Meşelik YerleşkesiTürkiye26040Eskişehir
0222 239 29 79- 3600simgeozturk21@gmail.com
Participating actions

    CA23153 

    WG 1, WG 2  Türkiye
Prof nurperihan tosun
Sivas Cumhuriyet UniversitesiKayseri CaddesiTürkiye58140Sivas
05352117808nurperihankarabulut@gmail.com
Participating actions

    CA23112
    CA23153 

    WG 1, WG 2  Türkiye
Dr Arturo Montejo-Ráez
Universidad De JaenCampus Las Lagunillas, s/nSpain23071Jaén
+34 953 212 882amontejo@ujaen.es
Participating actions

    CA23153 

    WG 2, WG 3, WG 4    Spain
Dr Eleni Maria Kouimtzi
Aristotle University of ThessalonikiSchool pf Primary Education, Faculty of Education, Aristotle University CampusGreece54124Thessaloniki
+302310991211ekouimtz@eled.auth.gr
Participating actions

    CA23120
    CA23153 

    WG 2, WG 3, WG 4    Greece
Dr Redona Dudushi
Institute of Public HealthAleksander Moisiu, nr 80Albania+1111Tirane
+355 688409921redona.dudushi@alumni.emory.edu
Participating actions

    CA23153
    CA22114
    CA21131
    CA18213
    CA18124 

    WG 2, WG 3, WG 5    Albania
Dr Nuno Rocha
Instituto Politecnico Do PortoRua Dr. António Bernardino de Almeida, 400Portugal4200 - 072Porto
+351 222 061 000nrocha@ess.ipp.pt
Participating actions

    CA23113
    CA23153
    CA22111
    CA22103
    CA19127
    CA19117 

    WG 2, WG 3  Portugal
Dr Kristin Berre Orjasater
Nord UniversityFinn Cristiansens vei 1Norway7805Namsos
+4774212337kristin.b.orjasater@nord.no
Participating actions

    CA23153 

    WG 2, WG 3  Norway
Prof Paweł W. Woźniak
Technische Universitaet WienArgentinierstr. 8Austria1040Wien
+46317722004pawel.wozniak@tuwien.ac.at
Participating actions

    CA23153 

    WG 2, WG 4  Austria
Dr Shang Gao
Orebro UniversityFakultetsgatan 1Sweden70182Orebro
+4619303431shang.gao@oru.se
Participating actions

    CA23153
    CA21118
    CA19122
    CA18115
    CA16207 

    WG 2, WG 4  Sweden
Mr Stephen Dallas
The Bytes Project300-302 Antrim RoadUnited KingdomBT36 5EGNewtownabbey
028 9028 8810stephen.dallas@bytes.org
Participating actions

    CA23153 

    WG 2, WG 4  United Kingdom
Prof Maria Bielikova
Kempelen Institute of Intelligent TechnologiesBottova 7939/2ASlovakia811 09Bratislava
+421951303065mariabielik@gmail.com
Participating actions

    CA23153
    IC1302 

    WG 2    Slovakia
Dr Tuuli Pitkänen
Nuorisotutkimusseura Ry Ungdomsforskningssallskapet RfKumpulantie 3Finland00520Helsinki
+358415178678tuuli.pitkanen@youthresearch.fi
Participating actions

    CA23153 

    WG 2    Finland
Prof alexis dewaele
Universiteit GentSint Pietersnieuwstraat 25Belgium9000Gent
+3292649443alexis.dewaele@ugent.be
Participating actions

    CA23153
    CA18124 

    WG 2    Belgium
Dr Asta Adler
Vilnius UniversityUniversiteto g. 3Lithuania01513Vilnius
+37068873497astazb@gmail.com
Participating actions

    CA23153
    CA16102 

    WG 2    Lithuania
Dr Ine Beyens
University of AmsterdamSpui 21Netherlands1012WXAmsterdam
+31627890270i.beyens@uva.nl
Participating actions

    CA23153 

    WG 2, WG 3  Netherlands
Dr Sonia Claudia da Costa Sousa
Tallinn UniversityNarva mnt 29EstoniaTallinn
+372 53921116sonia.sousa@tlu.ee
Participating actions

    CA23153
    TD1309
    TD1202
    CA18230
    CA16121
    CA16102 

    WG 2, WG 4  Estonia
Dr Nesime Can
Ankara UniversitesiFakülteler Mah. Eğitim Bilimleri Fakültesi Rehberlik ve Psikolojik Danışmanlık Anabilim Dalı 3111 ÇankayaTürkiyeAnkara
05377262601nesime_can@yahoo.com
Participating actions

    CA23153 

    WG 2, WG 3, WG 4, WG 5  Türkiye
Dr Zafi Sherhan Syed
Mehran University of Engineering & TechnologyMehran University of Engineering & TechnologyPakistan76062Jamshoro
+92-22-2772277zafisherhan.shah@faculty.muet.edu.pk
Participating actions

    CA23153 

    WG 2, WG 3, WG 4, WG 5  Pakistan
Dr Ozge KARAKAYA SUZAN
Sakarya UniversityUniversite cadddesiTürkiye54050Sakarya
+902642954341ozgekarakayasuzan@sakarya.edu.tr
Participating actions

    CA23153 

    WG 2, WG 3, WG 4    Türkiye
Ms Ceren Bektas-Aydin
Yildiz Technical UniversityDavutpaşa CaddesiTürkiye34220Istanbul
+902123834025cerenbektasaydin@gmail.com
Participating actions

    CA23153 

    WG 2, WG 3, WG 4    Türkiye
Mr Milos Stojadinovic
Faculty of Philosophy, University of NišĆirila i Metodija 2Serbia18000Niš
+381 (0)63 8 571 557milos.stojadinovic@filfak.ni.ac.rs
Participating actions

    CA23153
    CA21107 

    WG 2    Serbia
Dr Nina Petričević
Andrija Stampar Teaching Institute of Public HealthCroatia10000Zagreb
0038514696105Nina.petricevic@stampar.hr
Participating actions

    CA23153
    CA22111
    CA21153
    CA22114
    CA19115
    CA19101
    CA16102 

    WG 2, WG 3, WG 4, WG 5  Croatia
Ms Amalie Kusier
University of Southern DenmarkStudiestræde 6Denmark1455Copenhagen
+45 65507854amok@sdu.dk
Participating actions

    CA23153 

    WG 2, WG 3, WG 4    Denmark
Prof Raymond Bond
Ulster University2-24 York Street Cromore RoadUnited KingdomBT15 1APBelfast
+44 28 9536 5040rb.bond@ulster.ac.uk
Participating actions

    CA23153 

    WG 2, WG 3, WG 5    United Kingdom
Dr Robyn Vanherle
Katholieke Universiteit LeuvenParkstraat 45Belgium3000Leuven
+32475598380robyn.vanherle@kuleuven.be
Participating actions

    CA23153 

    WG 2, WG 3  Belgium
Dr Wanling Cai
Trinity College Dublin24 D Olier StIrelandD02T283Dublin
871387420wanling.cai@tcd.ie
Participating actions

    CA23153 

    WG 2, WG 3, WG 4    Ireland
Dr Claudette Pretorius
University College DublinSchool of Computer ScienceIrelandD4Dublin
+353830323698claudette.pretorius1@ucd.ie
Participating actions

    CA23153 

    WG 2, WG 4  Ireland
Dr Vanesa Varga
Faculty of Croatian StudiesBorongajska cesta 83dCroatia10000Zagreb
0919585923vanesa.varga@gmail.com
Participating actions

    CA23153 

    WG 2, WG 4  Croatia
Dr Gábor Kismihók
Technische Informationsbibliothek (TIB)Welfengarten 1bGermanyHannover
+4951176214705gabor.kismihok@tib.eu
Participating actions

    CA23112
    CA23153
    CA19117 

    WG 2, WG 5  Germany
Ms Sara Jurdana
Clinical Hospital Centre RijekaKresimirova 42Croatia51000Rijeka
00385995093386jurdanasara@gmail.com
Participating actions

    CA23153 

    WG 2, WG 5  Croatia
Dr Jennifer O'Mahoney
Waterford Institute of TechnologyWaterford Institute of Technology School of Humanities, Department of Applied Arts College StreetIreland0000Waterford
+353863628847jomahoney@wit.ie
Participating actions

    CA23153
    CA20137
    IS1205
    CA18121 

    WG 2    Ireland
Dr Michal Vostrý
University of Jan Evangelista PurkyněPasteurova 3544/1Czechia400 96Ústí nad Labem
+420721282123Michal.Vostry@ujep.cz
Participating actions

    CA23113
    CA23153 

    WG 2    Czechia
Ms Marija Zelic
Faculty of Croatian StudiesBorongajska cesta 83dCroatia10000Zagreb
+385953878119mzelic@fhs.hr
Participating actions

    CA23114
    CA23153 

    WG 2    Croatia
Dr Kire Babanoski
University St Kliment Ohridski BitolaBulevar Prvi Maj BbNorth Macedonia7000Bitola
+38975885003kbabanoski@gmail.com
Participating actions

    CA23114
    CA23129
    CA23153
    CA22128
    CA21133
    CA21120
    CA20123 

    WG 2    North Macedonia
Dr Tugba Yilmaz
Marmara UniversityGoztepe Kampusu KuyubasiTürkiye81040Istanbul
+905414317754tugba.yilmaz.psy@gmail.com
Participating actions

    CA23153
    CA22111
    CA22114
    CA21123
    CA19117
    CA19113 

    WG 2, WG 3, WG 4    Türkiye
Dr Dejan Stevanovic
Clinic for Neurology and Psychiatry for Children and Youth, Belgrade, SerbiaDr Subotic 6aSerbia11000Belgrade
+381692412006stevanovic.dejan79@gmail.com
Participating actions

    CA23153 

    WG 2, WG 3  Serbia
Dr Buket Şimşek Arslan
Burdur Mehmet Akif Ersoy UniversityBurdur Mehmet Akif Ersoy UniversityTürkiye15000Burdur
+905517040775buketsmsek@gmail.com
Participating actions

    CA23112
    CA23153
    CA22167
    CA22127 

    WG 2, WG 3  Türkiye
Dr Nergis Ramo Akgün
Çanakkale Onsekiz Mart UniversityTerzioglu CampusTürkiye17100Canakkale
00905385454455nergisramoakgun@comu.edu.tr
Participating actions

    CA23153
    CA21123
    CA19104 

    WG 2, WG 4, WG 5    Türkiye
Dr Elif Taslibeyaz
Erzincan Binali Yıldırım UniversityErzincan Binali Yıldırım UniversityTürkiye24002Erzincan
+905366355710etaslibeyaz@erzincan.edu.tr
Participating actions

    CA23120
    CA23153 

    WG 2, WG 4  Türkiye
Dr Nicola Evans
Cardiff UniversityPark placeUnited KingdomCF10 3ATCardiff
07775913524EvansNG@cf.ac.uk
Participating actions

    CA23153 

    WG 2    United Kingdom
Dr Diyana Dobreva-Hristova
Institute for population and human studies - BAS"Acad. G. Bonchev", bl. 6, fl. 5/6Bulgaria1113Sofia
+359 888 582 815diyana.dobreva.h@iphs.eu
Participating actions

    CA23153 

    WG 2, WG 4  Bulgaria
Dr Jose Manuel Noguera Vivo
Universidad Católica San Antonio de MurciaAv. de los Jerónimos, 135Spain30107Murcia
+0034686378162jmnoguera@gmail.com
Participating actions

    CA23126
    CA23153
    IS0906
    FP1104
    CA18230 

    WG 2    Spain
Dr Sara Degli Esposti
Agencia Estatal Consejo Superior de Investigaciones CientificasCalle Albasanz 26-28Spain28037Madrid
0034916022409sara.degli.esposti@csic.es
Participating actions

    CA23153 

    WG 2    Spain
Prof Carla Teixeira Lopes
UNIVERSIDADE DO PORTORua Dr. Roberto Frias, s/nPortugal4200-465Porto
+351225081841carla.lopes@gmail.com
Participating actions

    CA23147
    CA23153
    CA19122 

    WG 2    Portugal
Dr Goran Mijaljica
Helse Bergen HfJonas Lies Vei 65Norway5021Bergen
+46732429474mijaljica@gmail.com
Participating actions

    CA23153 

    WG 2    Norway
Prof Dominik Froehlich
University of SustainabilityChristine-Touaillon-Strasse 11/1, Top 15/16Austria1220Vienn
+436602234525dominik@froehlich.onl
Participating actions

    CA23153 

    WG 2, WG 3  Austria
Prof Emre ERDOĞAN
Istanbul Bilgi UniversitesiKazim Karabekir Cad 2/13 Istanbul Eski Silahtaraga Elektrik Santrali Santraistanbul KampusuTürkiye34060Eyup Istanbul
(0212) 311 50 00emre.erdogan@bilgi.edu.tr
Participating actions

    CA23153
    CA22165
    CA18213 

    WG 2, WG 3, WG 5    Türkiye
Ms Alba María Mármol-Romero
University of JaenCampus Las Lagunillas s/n. JaénSpain23071Jaén
+34 670044932amarmol@ujaen.es
Participating actions

    CA23153 

    WG 2, WG 3, WG 4    Spain
Dr Przemysław Waszak
Medical University of GdańskM. Skłodowskiej-Curie 3aPoland80-210Gdansk
+48 58 349 19 28p.waszak@gumed.edu.pl
Participating actions

    CA23153 

    WG 2, WG 3  Poland
Prof ALI ERCAN ALTINOZ
Eskisehir Osmangazi UniversitesiMeşelik Kampüsü Büyükdere Mah. Prof. Dr. Nabi AVCI Bulvarı No:4Türkiye26040Eskisehir
+902222392979ercanaltinoz@gmail.com
Participating actions

    CA23153
    CA21152 

    WG 2, WG 3, WG 4    Türkiye
Dr Giorgos Georgiou
European University CyprusDiogenes Street 6 EngomiCyprus22006Nicosia
0035796667968g.georgiou@euc.ac.cy
Participating actions

    CA23153 

    WG 2, WG 4  Cyprus
Ms Sumeyye KAVICI
Tokat Gaziosmanpasa UniversitesiTasliciftlik KampusuTürkiye60250Tokat
+905069655889sumeyyekavici@gmail.com
Participating actions

    CA23153
    CA19136 

    WG 2, WG 3, WG 4    Türkiye
Dr Niels van Berkel
Aalborg UniversitetFredrik Bajers Vej 7kDenmark9220Aalborg
-nielsvanberkel@cs.aau.dk
Participating actions

    CA23153 

    WG 2, WG 3, WG 4    Denmark
Dr Niko Männikkö
Oulu University of Applied SciencesYliopistokatu 9Finland90570Oulu
+358504096318mannikkon@gmail.com
Participating actions

    CA23153 

    WG 2, WG 3, WG 4    Finland
Ms Sofie Have Hoffmann
University of Southern DenmarkStudiestræde 6Denmark1455Copenhagen
65 50 77 34sohh@sdu.dk
Participating actions

    CA23153 

    WG 2, WG 3  Denmark
Dr Canan Çitil Akyol
Sivas Cumhuriyet UniversityYenisehir mahallesiTürkiye58140Sivas
+9005438050636canancitil@gmail.com
Participating actions

    CA23153 

    WG 2, WG 3, WG 4    Türkiye
Prof Joanne Cassar
University of MaltaMaltaMSD 2080Msida
+35623403414joanne.cassar@um.edu.mt
Participating actions

    CA23153
    IS1307
    IS1210
    CA17114 

    WG 2, WG 4  Malta
Dr Sevim ÇİMKE
Yozgat Bozok UniversityAtatürk YoluTürkiye66100Yozgat
2178991sevim.cimke@yobu.edu.tr
Participating actions

    CA23153 

    WG 2, WG 3  Türkiye
Dr Kadir Demir
Izmir Demokrasi UnversitesiUckuyular Mah. Gursel Aksel Bulv. No:14 KarabaglarTürkiye35140Izmir
00905557114094kadir.demir@idu.edu.tr
Participating actions

    CA23112
    CA23113
    CA23114
    CA23135
    CA23151
    CA23153
    CA23158
    CA22156
    CA22101
    CA22145
    CA22124
    CA21141 

    WG 2    Türkiye
Mr Krystof Petr
Palacký University OlomoucVodární 6Czechia77900Olomouc
+420585633536krystof.petr01@upol.cz
Participating actions

    CA23153 

    WG 2, WG 3, WG 4    Czechia
Mr Kazım Timuçin Utkan
Istinye Universityİstinye Üniversitesi Vadi Kampüsü, Ayazağa Mah. Azerbaycan Cad. (Vadistanbul 4A Blok) SariyerTürkiye34396Istanbul
5338120541timucinutkan@gmail.com
Participating actions

    CA23112
    CA23151
    CA23153
    CA22145 

    WG 2, WG 3, WG 4    Türkiye
Dr döne kaplan
Sağlık Bilimleri UniverstySelimiye, Tıbbiye Cd No: 38, 34668 Üsküdar/İstanbulTürkiye34000İstanbul
05413185242done.kaplann@hotmail.com
Participating actions

    CA23151
    CA23153 

    WG 2, WG 3, WG 4    Türkiye
Dr Martin Mihajlov
Institut Jozef StefanJamova 39Slovenia1000Ljubljana
+38640664620martinmihajlov@gmail.com
Participating actions

    CA23153
    CA21107
    TD1306
    IC1003
    IC0904
    CA16207 

    WG 2, WG 4  Slovenia
Dr Merve ERGÜNEY
Samsun UniversitesiGurgenyatak Mah Canik Campus Merkez Sok 40-2 D 1Türkiye55080Samsun
05423417430merve.erguney@samsun.edu.tr
Participating actions

    CA23105
    CA23120
    CA23153
    CA21107 

    WG 2, WG 5  Türkiye
Dr Renate Reniers
The University Of BirminghamEdgbastonUnited KingdomB15 2TTBirmingham
07738158673r.l.e.p.reniers@bham.ac.uk
Participating actions

    CA23153 

    WG 2, WG 3  United Kingdom
Dr Andrea Hrckova
Kempelen Institute of Intelligent TechnologiesBottova 7939/2ASlovakia811 09Bratislava
+421911158356andrea.hrckova@kinit.sk
Participating actions

    CA23153 

    WG 2    Slovakia
Dr Nesibe Olgun Kaval
Karadeniz Teknik UniversitesiKaradeniz Teknik ÜniversitesiTürkiye61080Trabzon
05543958871nesibe.olgun@gmail.com
Participating actions

    CA23153 

    WG 2, WG 3, WG 4    Türkiye
Dr Adil Kaval
Faruk Başaran Science and Art CentreEsentepe, Sefer Özgür Street, Number: 50 OrtahisarTürkiye61080Trabzon
+905336262395adilkaval@hotmail.com
Participating actions

    CA23153 

    WG 2, WG 3, WG 4    Türkiye
Dr Esra Bozkanat
Kirklareli UniversityBeylik MhTürkiye39300Kirklareli
05436377927esra.bozkanat@klu.edu.tr
Participating actions

    CA23102
    CA23153
    CA21129 

    WG 2, WG 3, WG 4    Türkiye
Dr Havva SERT
Sakarya UniversityDepartment of Mathematics, Sakarya UniversityTürkiye54187Sakarya
+902642955141hsert@sakarya.edu.tr
Participating actions

    CA23153 

    WG 2, WG 3, WG 4    Türkiye
Dr Joanna Sikorska
Adam Mickiewicz University, PoznańUniwersytetu Poznańskiego 8Poland61-614Poznań
+48504647025joannas07@amu.edu.pl
Participating actions

    CA23153
    CA22145 

    WG 2, WG 5  Poland
Prof Aras Bozkurt
Anadolu UniversityYunusemre KampusuTürkiye26470Eskisehir
0090 505 854 4404arasbozkurt@gmail.com
Participating actions

    CA23153 

    WG 3, WG 4, WG 5    Türkiye
Dr Aneta Maria Kochanowicz
Akademia WSBZygmunta Cieplaka 1cPoland41-300Dabrowa Gornicza
+48660275957akochanowicz@wsb.edu.pl
Participating actions

    CA23153
    CA22127
    CA19104 

    WG 3, WG 4  Poland
Dr Vera Gergov
University of HelsinkiPO Box 63 (Haartmaninkatu 8)Finland00014Helsinki
+358409622443vera.gergov@helsinki.fi
Participating actions

    CA23153
    CA16102 

    WG 3, WG 5  Finland
Dr Silvio Pagliara
Universita Degli Studi Di CagliariVia Is Mirrionis 1Italy09127Cagliari
+390813764432silviom.pagliara@unica.it
Participating actions

    CA23153
    CA19104 

    WG 3, WG 4  Italy
Ms Andreia A. Manão
Universidade LusófonaCampo Grande 376Portugal1749-024Lisboa
+351 914988995andreiamanao.r@gmail.com
Participating actions

    CA23153 

    WG 3    Portugal
Dr Tamara Prevendar
Sigmund Freud University Vienna - Ljubljana branchTrubarjeva 65Slovenia1000Ljubljana
+38614254421prevendartamara@gmail.com
Participating actions

    CA23153 

    WG 3, WG 5  Slovenia
Ms Katina Pavloska
Institute of mental health - Institute for mental health for children and youthNorth Macedonia1000skopje
+389 75407505pavloska_katina@yahoo.com
Participating actions

    CA23153
    CA21150
    CA22139
    BM0905
    TD1309
    IS1406
    IS1210
    CA17114
    CA15222
    CA15208 

    WG 3    North Macedonia
Dr Aylin Kurt
Bartın UniversityAğdacı köyü, Ağdacı KampüsüTürkiye74100Bartın
+905382087211aylinkurt67@gmail.com
Participating actions

    CA23113
    CA23153
    CA21123 

    WG 3, WG 5  Türkiye
Prof Dinko Mitrecic
School of Medicine University of Zagreb - School of Medicine, University of ZagrebCroatia10000Zagreb
+38514596854dinko.mitrecic@mef.hr
Participating actions

    CA23119
    CA23153
    CA21151
    CA20140
    BM1402
    BM1304
    MP1005
    CA18230
    CA16122
    CA15124 

    WG 3, WG 5  Croatia
Dr Luca Pingani
Università di Modena e Reggio EmiliaVia Amendola 2Italy42122Reggio Emilia
0039522522077luca.pingani@unimore.it
Participating actions

    CA23112
    CA23153
    CA19133 

    WG 3, WG 5  Italy
Ms Arina Ventela
Turun Ammattikorkeakoulu OyJoukahaisenkatu 3aFinland20520Turku
+358403550803arina.ventela@turkuamk.fi
Participating actions

    CA23153 

    WG 3, WG 5  Finland
Prof Serghei Sprincean
Institute of Social-Political Research "Democratia"Dacia av. 44/5, of. 98MoldovaMD 2062Chisinau
+37368158599sprinceans@yahoo.com
Participating actions

    CA23102
    CA23104
    CA23106
    CA23107
    CA23110
    CA23112
    CA23113
    CA23114
    CA23117
    CA23118
    CA23119
    CA23120
    CA23121
    CA23123
    CA23124
    CA23129
    CA23133
    CA23137
    CA23142
    CA23146
    CA23149
    CA23151
    CA23152
    CA23153
    CA23154
    CA23101
    CA22157
    CA22162
    CA22152
    CA22155
    CA22156
    CA22167
    CA22101
    CA21170
    CA21169
    CA21167
    CA21166
    CA22145
    CA22146
    CA22142
    CA21157
    CA22149
    CA21161
    CA21154
    CA21152
    CA21158
    CA21151
    CA22134
    CA21150
    CA22135
    CA21149
    CA22136
    CA22140
    CA21147
    CA22124
    CA21143
    CA22139
    CA21145
    CA22127
    CA21140
    CA22128
    CA21139
    CA21137
    CA22118
    CA22119
    CA21135
    CA21133
    CA22114
    CA21132
    CA22103
    CA21129
    CA22104
    CA22105
    CA22106
    CA21118
    CA22112
    CA21124
    CA21117
    CA21123
    CA22109
    CA21116
    CA22110
    CA21122
    CA21120
    CA21111
    CA21110
    CA21108
    CA21107
    CA20140
    CA20137
    CA20134
    CA20132
    CA20131
    CA20123
    CA20122
    CA20112
    CA20107
    CA20106
    CA20105
    CA20104
    CA20103
    CA19143
    CA19136
    CA19129
    CA18236
    CA18205
    CA18119
    CA17135
    CA17132
    CA17114
    CA15207 

    WG 3, WG 4, WG 5    Moldova
Dr Marija Jakubauskiene
Vilnius University, Faculty of MedicineM. K. Čiurlionio str. 21LithuaniaLT-03101Vilnius
+37052398783marija.jakubauskiene@mf.vu.lt
Participating actions

    CA23113
    CA23153 

    WG 3, WG 4, WG 5    Lithuania
Dr Nele De Witte
Thomas More University of Applied SciencesMolenstraat 8Belgium2018Antwerpen
+32478563737nele.dw@thomasmore.be
Participating actions

    CA23153
    CA16102 

    WG 3, WG 4, WG 5    Belgium
Dr Kevin Doherty
University College DublinUniversity College Dublin, BelfieldIrelandDublin 4Dublin
00353860524486kevin.doherty@ucd.ie
Participating actions

    CA23153 

    WG 3, WG 4  Ireland
Prof Bruno Figueira
Universidade de ÉvoraPortugal7004-516Évora
00351910079226bruno.figueira@uevora.pt
Participating actions

    CA23153 

    WG 3, WG 4  Portugal
Dr Jakub Lickiewicz
Jagiellonian UniversityKopernika 7Poland31-034Krakow
12 424 72 86jakub.lickiewicz@uj.edu.pl
Participating actions

    CA23112
    CA23153
    CA19133
    CA19117 

    WG 3, WG 4  Poland
Dr Edanur Tar Bolacali
Kirsehir Ahi Evran UniversityBağbaşı streetTürkiye40100Kırşehir
+905332668360edanurtar.1107@gmail.com
Participating actions

    CA23113
    CA23151
    CA23153
    CA21152
    CA21150
    CA21143
    CA21123
    CA21107
    CA20137
    CA19117 

    WG 3, WG 4  Türkiye
Dr Jolien Trekels
University of North CarolinaUnited States27599-3270Chapel hill
0032496111461jolient@unc.edu
Participating actions

    CA23153
    CA22111 

    WG 3, WG 4  United States
Prof Sibel Sönmez
Ege UniversityEge Universitesi KampusuTürkiye35100Izmir
+905320604773sibel.sonmez@ege.edu.tr
Participating actions

    CA23120
    CA23153
    CA21143 

    WG 3, WG 4  Türkiye
Dr Elona Krasniqi
UBT - University Bussines and TechnologyLagjja KalabriaKosovo*10000Pristina
044302468krasniqi.elona@gmail.com
Participating actions

    CA23153 

    WG 3, WG 4  Kosovo*
Dr Ivana Buric
University of AmsterdamSpui 21Netherlands1012WXAmsterdam
+31635315566i.buric@UVA.NL
Participating actions

    CA23153 

    WG 3, WG 4  Netherlands
Dr Bojana Bodroža
Faculty of Philosophy, University of Novi Saddr Zorana Đinđića 2Serbia21000Novi Sad
+381646355721bojana.bodroza@ff.uns.ac.rs
Participating actions

    CA23153
    CA22165
    CA19103
    CA18115 

    WG 3, WG 4  Serbia
Mr Jose Guzman-Parra
IBIMAPlaza Hospital Civil s/nSpain29009Málaga
+34951290290jgp00004@hotmail.com
Participating actions

    CA23153
    CA19133 

    WG 3    Spain
Prof Oana David
Universitatea Babes BolyaiMihail Kogalniceanu 1Romania400084Cluj Napoca
+40743733345oanadavid@psychology.ro
Participating actions

    CA23153 

    WG 3    Romania
Dr Carla Sousa Mira
Lusófona UniversityCampo Grande, 376Portugal1749-024Lisbon
+351918623499carla.patricia.sousa@ulusofona.pt
Participating actions

    CA23153
    CA19142
    CA19104 

    WG 3    Portugal
Ms Carina Hauser
FH Campus WienFavoritenstraße 226Austria1100Wien
+43 1 606 68 77- 4383carina.hauser@fh-campuswien.ac.at
Participating actions

    CA23153 

    WG 3    Austria
Dr Malik Qirtas
University College CorkWestern RoadIrelandT12 XF62Cork
3530851873544mqirtas@ucc.ie
Participating actions

    CA23153 

    WG 3    Ireland
Dr Arianna Costantini
Universita Degli Studi Di Roma Tor Vergatavia Montpellier 1Italy00133Roma
+393772844111arianna.costantini@uniroma2.it
Participating actions

    CA23112
    CA23153
    CA22120 

    WG 3    Italy
Ms Vivian (Akrivi) Stamou
ARCHIMEDES Unit | Athena Research Center1 Artemidos StreetGreece15125Marousi
6980202782vivianstamou@gmail.com
Participating actions

    CA23153
    CA21167
    CA20137
    CA18209 

    WG 3    Greece
Dr Neha Basnet
READ ConsultancyMiddellandplein 30Netherlands3021BVRotterdam
+31626125998basnetne@gmail.com
Participating actions

    CA23103
    CA23112
    CA23113
    CA23149
    CA23153
    CA22139
    CA20107
    CA19117
    CA18213 

    WG 3    Netherlands
Dr Evangelos Karapanos
Cyprus University of Technology30 Archbishop Kyprianos St.Cyprus3036Limassol
0035725003115e.karapanos@gmail.com
Participating actions

    CA23153
    TD1405
    IC0904 

    WG 3    Cyprus
Prof Nurka Pranjic
Faculty of Medicine, University of TuzlaUnivezitetska 1 Albina Herljevica 1Bosnia & Herzegovina75000Tuzla
+0038735320600pranicnurka@hotmail.com
Participating actions

    CA23113
    CA23120
    CA23153
    CA20137
    CA20134
    CA20104
    IS1409
    IS1211
    IS1002
    CA19117
    CA18218
    CA16216
    CA16123
    CA16102
    CA16101 

    WG 3, WG 5  Bosnia & Herzegovina
Dr Renata Cserjesi
Eotvos Lorand TudomanyegyetemEgyetem Ter 1-3Hungary1053Budapest
+36203545551cserjesi.renata@ppk.elte.hu
Participating actions

    CA23153
    CA22167
    CA21102
    CA19104 

    WG 3, WG 5  Hungary
Dr Martina Szabó
HUN-REN Centre for Social SciencesTóth KálmánHungary1097Budapest
+0036704341719Szabo.Martina@tk.hu
Participating actions

    CA23153 

    WG 3    Hungary
Dr Paulina Tsvetkova
Institut Po RobotikaAcademition G Bonchev Str Block 2 Et 4Bulgaria1113Sofia
+359 884 784 739paulina.tsvetkova@abv.bg
Participating actions

    CA23153
    CA19104 

    WG 3, WG 4  Bulgaria
Dr Marijana Markovik
University of Ss Cyril and Methidius, Institute for sociological political and juridical research - University of Ss Cyril and MethidiusNorth Macedonia1000Skopje
+389 2 3061 119 (107)marijana@isppi.ukim.edu.mk
Participating actions

    CA23120
    CA23153
    CA20105
    CA18115 

    WG 3    North Macedonia
Dr Ljiljana Jeličić
Research and Development Institute “Life Activities Advancement Institute”G Jovanova No 35Serbia11070Beograd
+381642214295lilijen@ymail.com
Participating actions

    CA23153
    CA22139 

    WG 3    Serbia
Prof Bojan Ilijoski
Ss. Cyril and Methodius University, Faculty of Computer Science and EngineeringRugjer Boshkovikj 16North Macedonia1000Skopje
+38970821771bojan.ilijoski@finki.ukim.mk
Participating actions

    CA23153
    CA22129
    CA15210
    CA15118 

    WG 3    North Macedonia
Dr Kleanthis Neophytou
European Institute for the Study of the FamilyAgias Faneromenis 21, MesogiCyprus8280Paphos
+35799778677nkleanthis@hotmail.com
Participating actions

    CA23120
    CA23153
    CA22139
    CA22128 

    WG 3, WG 5  Cyprus
Ms Ágnes Molnárné Lányi
Veszprém County Pedagogical Service - Veszprém Member Institution of the Veszprém County Pedagogical ServiceLóczy L. u. 22.Hungary8200Veszprém
+36309168551agnes.molnarne.lanyi@gmail.com
Participating actions

    CA23153
    CA22167 

    WG 3, WG 5  Hungary
Prof Jose Ribeiro
Faculty of Sport, University of PortoRua dr. Plácido Costa 91Portugal4200-450Porto
+351255437400jribeiro@fade.up.pt
Participating actions

    CA23153
    CA19101 

    WG 3    Portugal
Prof Gokce Nur Yilmaz
TED UniversityZiya Gokalp Caddesi No:48Türkiye06420Cankaya
+903125850030nur.gkc@gmail.com
Participating actions

    CA23135
    CA23141
    CA23153
    CA22168
    CA22167
    CA22101
    CA22151
    CA22145
    CA22143
    CA22129
    CA21131
    CA22104
    CA21121
    CA20120
    CA20104
    CA19130
    CA19117 

    WG 3, WG 4, WG 5    Türkiye
Ms Caroline Seiferth
Freie Universitaet BerlinHabelschwerdter Allee 45Germany14195Berlin
0049 30 838 66 157c.seiferth@fu-berlin.de
Participating actions

    CA23153 

    WG 3, WG 4  Germany
Dr Steven Barnes
SWPS University Techników 9Poland40-326Katowice
+48 515 121 270sbarnes@swps.edu.pl
Participating actions

    CA23153
    CA19142 

    WG 3    Poland
Ms Gizem Ekici
Trakya University Faculty of EducationTrakya Üniversitesi Eğitim Fakültesi İsmail Hakkı Tonguç YerleşkesiTürkiye22030Edirne
05422461553gizzemekici@gmail.com
Participating actions

    CA23153 

    WG 3    Türkiye
Dr Sakir Yilmaz
Abdullah Gul UniversitySümer KampüsüTürkiye38080Kayseri
+905071851585sakir.yilmaz@agu.edu.tr
Participating actions

    CA23153 

    WG 3    Türkiye
Dr Jonatan Molina Torres
Universidad Miguel Hernandez De ElcheAvenida De La Universidad S-nSpain3202Elche
628466343jonatan.molinat@umh.es
Participating actions

    CA23153 

    WG 3    Spain
Dr Gandotra Aditi
Eötvös Loránd UniversityIzabella utca. 46,1064 BudapestHungary1064Budapest
06204311838aditi.gandotra@ppk.elte.hu
Participating actions

    CA23120
    CA23153
    CA22114 

    WG 3, WG 4  Hungary
Dr GÜLENDAM AKGÜL
Ankara UniversitesiAdnan Saygun streetTürkiye06100ANKARA
+905055611289gakgul@ankara.edu.tr
Participating actions

    CA23153 

    WG 3    Türkiye
Prof Nihal Lindberg
Kastamonu UniversityKuzeykent Mahallesi Orgeneral Atilla Ateş Paşa Caddesi No: 15Türkiye37150Kastamonu
+903662803365nihallindbergku@gmail.com
Participating actions

    CA23153 

    WG 3    Türkiye
Dr Esra Daşcı
Kastamonu UniversityOrgeneral Atilla Ateş CaddesiTürkiye37100Kastamonu
+905418066775dasciesra@gmail.com
Participating actions

    CA23113
    CA23153 

    WG 3    Türkiye
Ms Ayse Yavuz
AYDIN ADNAN MENDERES UNIVERSITYEfelerTürkiye09970Aydın
905413755529ayseyavuz677@gmail.com
Participating actions

    CA23117
    CA23118
    CA23153
    CA20115 

    WG 3, WG 5  Türkiye
Ms Telma Cruz
UNIVERSIDADE DO PORTORua do Campo Alegre s/nPortugalPorto
914985466telmandreiacruz@gmail.com
Participating actions

    CA23153
    CA20137
    CA19133 

    WG 3, WG 4  Portugal
Ms Artemis Gkitakou
University medical centre AmsterdamMeibergdreef 9Netherlands1105 AZAmsterdam
0644970992artemisgkitakou@gmail.com
Participating actions

    CA23153
    CA22114
    CA22116
    CA18218
    CA18139 

    WG 3, WG 4  Netherlands
Dr Cristina Montañola
IQS School of ManagementVia Augusta, 390Spain08017Barcelona
93267000cristina.montanola@iqs.url.edu
Participating actions

    CA23153 

    WG 3    Spain
Dr Juan Albacete Maza
Institut Quimic de SarriáVia Augusta, 390Spain08017Barcelona
+34648101569j.albacete.maza@gmail.com
Participating actions

    CA23153 

    WG 3    Spain
Dr Melanie Jouaiti
The University Of BirminghamEdgbastonUnited KingdomB15 2TTBirmingham
+447831594175m.jouaiti@bham.ac.uk
Participating actions

    CA23153 

    WG 3, WG 4  United Kingdom
Dr Tuğba TÜRK KURTÇA
Trakya UniversityTrakya UniversityTürkiye22030Edirne
+90 544 3472200tugbaturkurtca@gmail.com
Participating actions

    CA23129
    CA23153 

    WG 3    Türkiye
Prof Seydi Ahmet Satici
YILDIZ TECHNICAL UNIVERSITYDavutpasa Campus College of Education,Türkiye34210ESENLER
00902123834830ahmet.satici@yildiz.edu.tr
Participating actions

    CA23113
    CA23153
    CA19117 

    WG 3, WG 4, WG 5    Türkiye
Dr Marija Giedraityte-Guzikauskiene
Vilnius UniversityUniversiteto g. 3Lithuania01513Vilnius
+3705266 7615marija.giedraityte-guzikauskiene@fsf.vu.lt
Participating actions

    CA23153 

    WG 3    Lithuania
Dr Matthew Vowels
University of Lausanne, SwitzerlandAvenue de provence 82Switzerland1007Lausanne
+41 779065774matthew.vowels@unil.ch
Participating actions

    CA23153 

    WG 3, WG 4  Switzerland
Dr Laura Vowels
University of RoehamptonRoehampton LaneUnited KingdomSW15 5PHLondon
+41779721009laura.vowels@roehampton.ac.uk
Participating actions

    CA23153 

    WG 3, WG 4, WG 5    United Kingdom
Dr Fatih ORDU
Samsun UniversitesiGurgenyatak Mah Canik Campus Merkez Sok 40-2 D 1Türkiye55080Samsun
+90 (362) 313 0055fatih.ordu@samsun.edu.tr
Participating actions

    CA23153 

    WG 3    Türkiye
Dr Kathrin Wunsch
Karlsruhe Institute of TechnologyEngler-Bunte-Ring 15Germany76131Karlsruhe
072160845431kathrin.wunsch@gmx.de
Participating actions

    CA23153
    CA19101 

    WG 3, WG 4, WG 5    Germany
Dr Teuta Danuza
University of Prishtina - Faculty of EducationKosovo*10000Prishtina
+383 044 124005teuta.danuza@uni-pr.edu
Participating actions

    CA23120
    CA23153
    CA21143
    CA19117
    CA18115 

    WG 3, WG 5  Kosovo*
Dr Zeynep Piri
Kastamonu UniversityKastamonu KuzeykentTürkiye37200Kastamonu
03662803425zeyneppiri@kastamonu.edu.tr
Participating actions

    CA23153 

    WG 3    Türkiye
Mr Ben Bond
Royal College of Surgeons in Ireland123 St Stephen's GreenIrelandDublin 2Dublin
+353892148235benjaminbond24@rcsi.com
Participating actions

    CA23153 

    WG 3, WG 5  Ireland
Dr Sandy Ingram
University of Applied Sciences and Arts of Western SwitzerlandBoulevard de Pérolles 80Switzerland1705Fribourg
+4126 429 65 97sandy.ingram@hes-so.ch
Participating actions

    CA23153 

    WG 3, WG 4  Switzerland
Dr Jessica Marian Goodman Casanova
IBIMA-Plataforma BIONANDC. Severo Ochoa, 35,Spain29590Málaga
660901966jmariangoodman@gmail.com
Participating actions

    CA23153 

    WG 4, WG 5  Spain
Prof Marcel Pikhart
University of Hradec Kralove,Rokitanskeho 62Czechia50003Hradec Kralove
+420774374374marcel.pikhart@uhk.cz
Participating actions

    CA23153
    CA22126
    CA22115
    CA21114
    CA19102
    CA18126 

    WG 4, WG 5  Czechia
Prof Almir Karabegovic
University of Sarajevo - Faculty of Electrical EngineeringZmaja od Bosne bbBosnia & Herzegovina71000Sarajevo
+38735363110almir.karabegovic@etf.unsa.ba
Participating actions

    CA23135
    CA23153
    TD1403
    IC1406
    CA18230
    CA18209 

    WG 4, WG 5  Bosnia & Herzegovina
Ms Sarah Mbawa
Stichting Hogeschool UtrechtHeidelberglaan 15Netherlands3584 CSUtrecht
0620691200sarah.mbawa@hu.nl
Participating actions

    CA23153 

    WG 4    Netherlands
Ms MaryClare Douglas
Jigsaw16 Westland Square, Pearse StreetIrelandDublin 1Dublin
0861080345maryclare10@yahoo.co.uk
Participating actions

    CA23153 

    WG 4    Ireland
Prof Patrícia M. Pascoal
Lisbon School of Medicine- University of LisbonAvenida Professor Egas MonizPortugal1649-028Lisboa
+351962608870patriciapascoal@medicina.ulisboa.pt
Participating actions

    CA23153
    CA19117
    CA18124 

    WG 4, WG 5  Portugal
Ms Emine GÜNEŞ ŞAN
Bartin UniversityYazicilarTürkiye74100Bartin
03785011000eminegunessan@hotmail.com
Participating actions

    CA23113
    CA23153
    CA21123 

    WG 4, WG 5  Türkiye
Dr Funda Ergulec
Eskisehir Osmangazi UniversitesiMeşelik Kampüsü Büyükdere Mah. Prof. Dr. Nabi AVCI Bulvarı No:4Türkiye26040Eskisehir
+905537207760fundaergulec@gmail.com
Participating actions

    CA23112
    CA23120
    CA23153
    CA21107 

    WG 4, WG 5  Türkiye
Dr Laura Petrini
Aalborg UniversitySelma Lagerløfs vej 300Denmark9220Aalborg
004599409826lap@hst.aau.dk
Participating actions

    CA23153
    TD1005 

    WG 4, WG 5  Denmark
Ms Isobel Walsh
Dublin City UniversityCollins AvenueIrelandGlasnevin Dublin 9
0851348408isobel.walsh@dcu.ie
Participating actions

    CA23153
    CA22145
    CA19117 

    WG 4, WG 5  Ireland
Dr Lina Kankeviciene
Kauno kolegija Higher Education InstitutionPramones pr. 20LithuaniaLT-50468Kaunas
+37061279625lina.kankeviciene@gmail.com
Participating actions

    CA23153 

    WG 4, WG 5  Lithuania
Dr Juan Jose Marti-Noguera
Digital Human AssetsC/ Andreu Coll Glosador, 28Spain07100Sóller
+34651581118juanjomn@pm.me
Participating actions

    CA23153 

    WG 4, WG 5  Spain
Dr María Rodriguez-Ayllon
IBIMA-Plataforma BIONANDHospital CivilSpain29009Málaga
625844792maria.rodriguez@ibima.eu
Participating actions

    CA23153 

    WG 4    Spain
Dr Sonia Conejo-Cerón
Instituto de Investigación Biomédica de Málaga (IBIMA)Spain29009Málaga
+34 649282482soniafundacionimabis@hotmail.com
Participating actions

    CA23153
    CA18138 

    WG 4    Spain
Dr Alberto Roffarello
Politecnico Di TorinoCorso Duca Degli Abruzzi 24Italy10129Torino
+39 0110907167alberto.monge@polito.it
Participating actions

    CA23153 

    WG 4    Italy
Dr Nurel ERTÜRK
TARSUS UNIVERSITYTakbaş Mahallesi Kartaltepe Sokak TarsusTürkiye33400MERSİN
+90 (324) 600 00 33nurelerturk@tarsus.edu.tr
Participating actions

    CA23153
    CA20104 

    WG 4    Türkiye
Ms Maria Tibbs
University College DublinScience West- UCD- BelfieldIrelandDublin
0862006767maria.tibbs@ucdconnect.ie
Participating actions

    CA23153 

    WG 4    Ireland
Dr Louise Lambert
Birmingham City University15 Bartholomew RowUnited KingdomB5 5JUBirmingham
07986054317louise.lambert@bcu.ac.uk
Participating actions

    CA23153 

    WG 4    United Kingdom
Dr Matilde Pato
Instituto Politécnico de Lisboa - ISELR. Conselheiro Emídio Navarro, 1Portugal1959-007Lisboa
+351963402570matilde.pato@isel.pt
Participating actions

    CA23153
    CA19122 

    WG 4    Portugal
Dr Blanka Klímová
University of Hradec Kralove,Rokitanskeho 62Czechia50003Hradec Kralove
+420604737645blanka.klimova@uhk.cz
Participating actions

    CA23153
    CA22115
    CA19102 

    WG 4, WG 5  Czechia
Prof Soeren Harnow Klausen
University of Southern DenmarkCampusvej 55Denmark5230Odense M
+45 24984148harnow@sdu.dk
Participating actions

    CA23153 

    WG 4, WG 5  Denmark
Mr Kerem Dogan
University of TwenteDrienerlolaan 5Netherlands7522 NBEnschede
+31 644856940a.k.dogan@utwente.nl
Participating actions

    CA23153 

    WG 4    Netherlands
Mr Mehmet Can Sevincli
Hacettepe UniversityHacettepe UniversityTürkiye06800Ankara
+31 687822396mehmetcan.sevincli@hacettepe.edu.tr
Participating actions

    CA23153 

    WG 4    Türkiye
Prof David Bogataj
Alma Mater Europaea UniversitySlovenska ulica 17Slovenia2000Maribor
+38640584936david.bogataj@almamater.si
Participating actions

    CA23104
    CA23112
    CA23113
    CA23114
    CA23117
    CA23118
    CA23119
    CA23124
    CA23126
    CA23128
    CA23133
    CA23148
    CA23151
    CA23153
    CA23157
    CA23159
    CA23101
    CA22159
    CA22152
    CA22156
    CA22167
    CA21152
    CA22134
    CA21147
    CA22124
    CA22138
    CA21143
    CA22127
    CA21140
    CA21137
    CA22120
    CA21133
    CA22116
    CA21125
    CA21118
    CA21123
    CA21120
    CA21107
    CA21103
    CA20134
    CA20112
    CA19136
    CA17125 

    WG 5    Slovenia
Ms irine zarnadze
Tbilisi State Medical mUniversity33 vaja pshavela aveGeorgia0186Tbilisi
+995599462312i.zarnadze@tsmu.edu
Participating actions

    CA23113
    CA23153 

    WG 5    Georgia
Ms Sabina Tosuni
University of Elbasan "Aleksandër Xhuvani"Rruga Ismail ZymaAlbania3001Elbasan
N/ASabina.Tosuni@uniel.edu.al
Participating actions

    CA23113
    CA23119
    CA23151
    CA23153 

    WG 5    Albania
Dr Besjana Mema Tosuni
Mediterranean UniversityBulevardi Gjergj Fishta 52, Tirana 1023Albania00355Tirane
-b.tosuni@hotmail.com
Participating actions

    CA23114
    CA23115
    CA23135
    CA23141
    CA23153
    CA22143
    CA22141
    CA21129
    CA21109 

    WG 5    Albania
Mr Theo Zacharis
Greek Scientists SocietyMesogeion 169 & Kerkyras A17, MarousiGreece15126ATHENS
+44 7547936742theo@greek-scientists-society.org
Participating actions

    CA23104
    CA23107
    CA23109
    CA23110
    CA23111
    CA23112
    CA23113
    CA23114
    CA23117
    CA23119
    CA23123
    CA23124
    CA23128
    CA23133
    CA23135
    CA23139
    CA23142
    CA23146
    CA23147
    CA23148
    CA23151
    CA23152
    CA23153
    CA23156
    CA23157
    CA23160
    CA22169
    CA22157
    CA22158
    CA22160
    CA22161
    CA22162
    CA22163
    CA22152
    CA22153
    CA22155
    CA22156
    CA22170
    CA22167
    CA22111
    CA21169
    CA22151
    CA21166
    CA22145
    CA22146
    CA22142
    CA21157
    CA22147
    CA21154
    CA22141
    CA21159
    CA21152
    CA21158
    CA21151
    CA21149
    CA22136
    CA21148
    CA22140
    CA21147
    CA21143
    CA21146
    CA22125
    CA21142
    CA21145
    CA21140
    CA22123
    CA21138
    CA21137
    CA22118
    CA22119
    CA21135
    CA21133
    CA22114
    CA21132
    CA22103
    CA22104
    CA21128
    CA21127
    CA22105
    CA21126
    CA22115
    CA21117
    CA22108
    CA21123
    CA22109
    CA22110
    CA21122
    CA21115
    CA21114
    CA21113
    CA21112
    CA21111
    CA21110
    CA21108
    CA21107
    CA21105
    CA21104
    CA21103
    CA20137
    CA20134
    CA20133
    CA20130
    CA20127
    CA20126
    CA20124
    CA20123
    CA20122
    CA20121
    CA20120
    CA20118
    CA20116
    CA20113
    CA20112
    CA20109
    CA20108
    CA20107
    CA20106
    CA20104
    CA20102
    CA20103
    CA20101
    CA20128 

    WG 5    Greece
Dr Sonay CANER YILDIRIM
Erzincan Binali Yıldırım UniversityErzincan Binali Yıldırım UniversityTürkiye24002Erzincan
00905069326025sonaycaner@gmail.com
Participating actions

    CA23153
    CA22167
    CA22104
    CA19122
    CA19117 

    WG 5    Türkiye
Dr Marcel Leppée
Gospic Primary Health Centre118 brigade HVCroatia53000Gospic
+385955750974marcel.leppee@gmail.com
Participating actions

    CA23119
    CA23133
    CA23146
    CA23151
    CA23153
    CA22152
    CA22167
    CA21153
    CA21152
    CA22114
    CA22116
    CA21122
    CA21110
    CA21107
    CA20124
    CA20119
    CA20107
    CA20104
    IS1409
    IS1402
    IS1211
    CA19136
    CA19132
    CA19101
    CA18218
    CA18208
    CA18138
    CA18124
    CA18117
    CA17116
    CA17101
    CA16125
    CA15222
    CA15208
    CA15122
    CA15120 

    WG 5    Croatia
Ms Katarina Masic
Faculty of Philosophy, University of Novi Saddr Zorana Đinđića 2Serbia21000Novi Sad
+381 694621817katarina.masic@ff.uns.ac.rs
Participating actions

    CA23153 

    WG 5    Serbia
Dr Dilyana Keranova
South-west University Neofit RilskiIvan Mihailov Street 66Bulgaria2700Blagoevgrad
+3590898849087dkeranova@swu.bg
Participating actions

    CA23113
    CA23153
    CA18213
    CA18115
    CA16229 

    WG 5    Bulgaria
Prof Selcan Kilis
Giresun UniversityGiresun University Faculty of Education A Blok, Güre, Prof. Ahmet Taner Kışlalı Cd. No:34, 28200 Giresun Merkez/GiresunTürkiye28200MERKEZ
+905547560694k1selcan@gmail.com
Participating actions

    CA23135
    CA23153 

    WG 5    Türkiye
Mr Juraj Podrouzek
Kempelen Institute of Intelligent TechnologiesBottova 7939/2ASlovakia811 09Bratislava
+421904535988juraj.podrouzek@kinit.sk
Participating actions

    CA23153 

    WG 5    Slovakia
Dr Marta Alić
Tehnicko veleuciliste u ZagrebuVrbik 8Croatia10000Zagreb
0038513836325malic@tvz.hr
Participating actions

    CA23153 

    WG 5    Croatia
Dr cecilia isola
University of GenoaVia Balbi 2Italy16126Genova
+393406070710cecilia.isola@edu.unige.it
Participating actions

    CA23114
    CA23153
    CA22124 

    WG 5    Italy
Action documents

    Memorandum of Understanding

COST Association
Avenue du Boulevard – Bolwerklaan 21
1210 Brussels | Belgium

BE0829.090.573
RPM/RPR Bruxelles/Brussel

+32 2 533 38 00

    News
    Events
    Videos

    Publications
    Vacancies
    Contact Us

    © 2025 COST Association
    Legal

Stay connected

